DATE,MODEL,RCP,RBP,RSP,REP,RDP,RPM71,RSTDEV,ROA1,9MFR,8MFR
2004-11-01,AdaBoost,0.005842086267038678,0.07812387711725764,0.0011507376078004803,0.16994861509847364,0.005673910713784278,0.045565600273953,0.03971365347569332,0.000158753212907897,0.6450880492000494,0.00873471703304141
2004-11-01,LinearRegression,1.0490361430024335,1.6712567693110065,1.3986486420705537,0.620541669161044,3.005688694885609,2.3451540691397383,1.7382416643475114,2.246429934599208,1.618136471791786,1.3457237928414227
2004-12-01,AdaBoost,0.10184144321124625,0.00037319601788898197,0.005059535626057114,0.1733998109342196,0.03714989004054161,0.016707975061424327,0.03332826979192186,0.004945224935744424,0.20555050810664519,0.42164414627431046
2004-12-01,LinearRegression,1.2314216039363817,1.5467262434176816,1.4927275015824188,0.7574530347776802,2.644833729309188,2.064731836740959,1.4272234414257785,1.9432341716061425,1.6846224941822823,1.4172231336266699
2005-01-01,AdaBoost,0.0,0.004038998430292922,0.009630874172771363,3.496980049801393e-05,0.14150531850675963,0.12249975359259517,0.13799247054514774,0.0010077294033629975,0.5717295592699037,0.01156032627866846
2005-01-01,LinearRegression,1.0559632477383332,1.4932366960615784,1.4024033397454057,0.8088128780669998,2.5576487336015705,2.187456876794317,1.3312118365988996,2.0246127071876088,1.5960872348022535,1.3034439422884825
2005-02-01,AdaBoost,0.06019461020240134,0.004819397914579261,0.21313113057100672,0.12979272376288953,0.11340809730710297,0.2222743045107492,0.006530286913269281,0.00016360846950703528,0.08464679055590565,0.1650390497925889
2005-02-01,LinearRegression,1.0562348644142998,1.5991559449614072,1.8210103274298073,0.657556685996986,3.021399086066913,2.747456761819253,1.4250647157576846,2.756987395953199,1.6957150773783651,1.295646875137087
2005-03-01,AdaBoost,0.17493189775439047,0.0018126979311117938,0.008684395609661125,0.02359696004714622,0.035957853372153376,0.03073110271750894,0.2772626053967583,1.0896907071191832e-05,0.4308096535510405,0.016201936713157845
2005-03-01,LinearRegression,1.0151011627370483,1.4445936783154942,1.5800527792308756,0.6395210146853771,2.618422849001128,2.407349904823291,1.1267941072794105,2.303614081024926,1.7822412680912678,1.3502146677443223
2005-04-01,AdaBoost,0.20176960790317747,0.00015563433519551773,0.008691026196442485,0.0010608444929008003,0.008593918848510712,0.012412490307189791,0.22161620492713588,0.0012495310375985988,0.4521388447933481,0.09231189715850067
2005-04-01,LinearRegression,1.0916803378433795,1.457069003737137,1.5747631191169793,0.7891627358591579,2.4239298535639335,2.2912153560808353,1.1365684164636998,2.206341116534655,1.7759368660917887,1.3459032615668005
2005-05-01,AdaBoost,0.036369841598698466,0.16356789371770653,0.058492824381791396,0.054439701984625694,0.023744072860326735,0.11469085345168702,0.0835466272456689,0.0016067820117696273,0.44967722522289255,0.013864177524832965
2005-05-01,LinearRegression,1.04928138657105,1.807749057863628,1.4476182153978805,0.6962746436727347,3.1942232688796297,2.8230265715267566,1.2847076180548676,2.4692800419923446,1.7314489642854125,1.2337462728489725
2005-06-01,AdaBoost,0.007338733509542613,0.02525052543254021,0.18973853575833732,0.2512870758156995,0.017680582824510387,0.11445404399117998,0.0809247253085158,0.00400291465630955,0.269762600253752,0.039560262449612596
2005-06-01,LinearRegression,1.1718870240411767,1.5439009610655423,1.4639267653172143,0.9097603431438607,2.4807241828931517,2.318981117347393,1.0770464877974777,2.153705848936222,1.6120819255778105,1.2355527061058222
2005-07-01,AdaBoost,0.058347743221494025,0.013657657369743871,0.16461065775204992,0.1871276417344893,0.0379100012964731,0.20128235452766102,0.14200146797050084,0.008431523135267778,0.18282806986853528,0.0038028831237849315
2005-07-01,LinearRegression,1.1592492381922388,1.6233881305707265,1.4652125289396607,1.0238253657612453,2.465471329052671,2.2709307635348948,1.0836881371438583,2.0248017308891932,1.3404785141418036,1.1428514026037633
2005-08-01,AdaBoost,0.11760068399592698,0.012495143652097866,0.01826699876064531,0.0038646918937149466,0.004600984782279668,0.25648310038835725,0.18058592103176138,0.01607927983741571,0.3387443667870618,0.05127882887073899
2005-08-01,LinearRegression,1.1732800154448157,2.14610851805025,1.9136121773695816,0.45316249716944296,3.344574059678684,3.1298137877455185,0.3747883333741891,3.123326298076301,1.416739924755074,0.9276651298718275
2005-09-01,AdaBoost,0.03552638662360696,0.08913242186189232,0.1420549933008451,0.27323616300873993,0.07734031322192703,0.27559120431254347,0.022260288636496255,0.00869049304531442,0.07315655720137926,0.003011178787255507
2005-09-01,LinearRegression,0.8617901116261553,2.647263089420126,2.5312005366927846,-0.0,3.6728297898059776,4.067825915738362,-0.0,3.977807932460626,1.3904755487812697,0.0
2005-10-01,AdaBoost,0.15931956572205608,0.19047362902489884,0.009592995010586733,0.0653006797441231,0.07318863266613465,0.030933291679339364,0.254663077832512,0.002918565678331838,0.20974754923236646,0.0038620134096510046
2005-10-01,LinearRegression,1.2559042264742124,2.31363100112587,1.9346721505457949,0.021215163414932466,3.2636953584035764,3.7760664523815968,0.009622029452642523,3.477350630734379,2.3001376298122436,0.5997936312676401
2005-11-01,AdaBoost,0.14556750377276306,0.0028895297718600503,0.2050971251347793,0.0,0.20335042805447964,0.06820355469008313,0.3514546158388062,0.0,0.012696211186007859,0.010741031551220723
2005-11-01,LinearRegression,1.2097873933518046,2.4203290907381914,2.0911974970899947,-0.0,3.6569875494937993,4.009100653289855,0.0,3.979205781609717,2.463754145290317,0.0
2005-12-01,AdaBoost,0.0938284742084638,0.4616541548451124,0.027068940341830498,0.11731411564239198,0.19959073908666147,0.0052099317081726855,0.012857822868554598,0.00997839599709522,0.060444140252268845,0.01205328504944859
2005-12-01,LinearRegression,1.1095358243459594,2.0613796082917712,1.7945990605465079,0.24657443526565714,3.0168783866495343,3.6289502283130335,0.46922579474230997,3.6229585058179223,2.1817576345981284,0.6808756614640961
2006-01-01,AdaBoost,0.45194944751676513,0.031223982247222015,0.1929177211172711,0.006244231119244878,0.09795548290582985,0.009554525115316412,0.0726307125107518,0.018385894493864987,0.10399314133728581,0.015144861636448011
2006-01-01,LinearRegression,0.5135362648672055,2.73170585020702,2.299252697445153,-0.0,4.012054923661676,5.088581352290787,-0.0,4.625162989713061,1.807091657548815,0.0
2006-02-01,AdaBoost,0.17754998197904917,0.14451696450484722,0.21412910638735158,0.07128166494146895,0.057112079198709635,0.011085415159990751,0.14904511092320583,0.1086227527468157,0.059609410513461206,0.007047513645099867
2006-02-01,LinearRegression,1.2535669078504856,2.9130189498687393,1.729983654719985,-0.4873758407247568,3.951002830085053,5.052103317256543,-0.12493214399480547,4.316356018745805,1.9003274225505913,0.0
2006-03-01,AdaBoost,0.11653773016456427,0.026583247655609803,0.2158942892492002,0.1891522130016269,0.004052476302948907,0.2953423884555829,0.052894359983218744,0.02446108373315794,0.034769320497588393,0.040312890956501764
2006-03-01,LinearRegression,0.6519374708084464,2.7718039529578693,1.3011375624416288,-0.0,4.464249427732286,5.2049045844362,0.0,3.850611108036664,1.5794060567947206,0.0
2006-04-01,AdaBoost,0.0045936853641200745,0.20261586262834236,0.11166443636383828,0.057995904330072116,0.4265501630062067,0.0760655710166709,0.019821775932374497,0.04044652285231388,0.04751554853538012,0.01273052997068109
2006-04-01,LinearRegression,0.13830465399233635,3.1239555865495223,1.3096981900242166,-0.0,4.876325226785093,6.047519046225053,-0.0,4.306736243387676,1.049141280854845,0.0
2006-05-01,AdaBoost,0.009392769675475364,0.014470565706634684,0.12092411701539056,0.07127267870142717,0.3878901771740577,0.016145492994330445,0.17036203279550102,0.039754069593184456,0.15875669340186793,0.01103140294213053
2006-05-01,LinearRegression,0.28166606045526704,3.3856895876823634,2.256600535132581,-0.14179472681375452,4.5994738291561585,6.426713376183866,-0.6731543708242953,4.619764212381579,0.8780612444720527,0.0
2006-06-01,AdaBoost,0.004451759413817077,0.2629510401490011,0.013062762607934516,0.2975210965803686,0.16399476820224015,0.02120093709366955,0.20845290057065355,0.009838570886846441,0.005514212659627159,0.013011951835841785
2006-06-01,LinearRegression,0.39855707995184947,2.888503114539049,2.5923951580884474,-0.0,4.871923152855767,6.010001286259532,-0.0,4.164775580607244,0.7175277564637871,0.0
2006-07-01,AdaBoost,0.00803817343983123,0.40947632935814415,0.04408635860414539,0.10568241957128155,0.2933424451567247,0.004300135741905551,0.011868999736307352,0.10594613051101398,0.0021239675165843695,0.015135040364061731
2006-07-01,LinearRegression,0.8904871952265858,2.231250347235868,2.028963921178624,-0.0,4.655485237901638,5.33471547900092,0.0,3.794087876987462,1.598900690573072,0.0
2006-08-01,AdaBoost,0.16695501364062654,0.20502020896603798,0.1039971810781312,0.015833980537432842,0.029240078779147263,0.12837262483073766,0.32627539310243187,0.005982062998634092,0.00927882539056081,0.009044630676259626
2006-08-01,LinearRegression,1.248958719625734,1.392752087559012,1.39699069284626,0.7019799917335574,2.561129906896785,3.096128840600877,1.3563323853361342,2.162004891504189,1.531511766542254,1.0076839815629606
2006-09-01,AdaBoost,0.1801215621451724,0.005780295305146224,0.13679150159878503,0.21297514749252708,0.10313148659043397,0.15726061936875735,0.08023927450286553,0.01021940865485516,0.11348070434145727,0.0
2006-09-01,LinearRegression,1.2138990823441134,1.411245387026503,1.4205181431538074,0.6677961745873364,2.5120145832551057,2.754744961340754,1.3880471958398015,2.122125303031335,1.3345531667347854,0.9890768579879246
2006-10-01,AdaBoost,0.1517420204412711,0.005585838612920172,0.0260159014780558,0.005921588088560972,0.32831437146146997,0.18159724461174986,0.009809623458421004,0.04120430541388317,0.014632303534906148,0.23517680289876183
2006-10-01,LinearRegression,1.103432069089896,1.5297910420434826,1.6777707692309614,0.32260240081086344,3.1063916346691096,2.960318523902225,1.4434725236816537,2.648839553323582,1.1991179383163424,1.0685877983146537
2006-11-01,AdaBoost,0.2156785087320225,0.23127321062457593,0.01036362096605196,0.1318925632816852,0.22828807635070442,0.12148817147115581,0.0024883674194547006,0.006819841734144773,0.006376852348870825,0.04533078707133385
2006-11-01,LinearRegression,1.1743099038350546,1.391206407997322,1.551823345539878,0.6740402642713859,2.416782751627104,2.436650472958678,1.2592674813787927,2.067212182854529,1.2236772532546438,1.1884251118539724
2006-12-01,AdaBoost,0.06888827002152348,0.0798459820858763,0.21976875327358922,0.015742011118054837,0.00997433256256523,0.2259326414183547,0.09336275225170569,3.845194279732865e-05,0.012594126103944073,0.2738526792215891
2006-12-01,LinearRegression,1.2656941677491718,1.645784495524505,1.7847967876240711,0.10843590525107683,3.3015316753165176,2.900062161658086,1.089310422112038,2.761565817225962,1.0950333271975405,1.0587057976465577
2007-01-01,AdaBoost,0.20891041046491848,0.07829187532429993,0.05795214899255295,0.26795121303428054,0.021214674798644077,0.003193868721916365,0.001018048061872602,0.01495544579129732,0.011076854379775314,0.3354354604304424
2007-01-01,LinearRegression,1.243702317464009,1.5598619292339813,1.5163747371651926,0.7207577714622149,2.757344919101268,2.5053731702858366,1.4853411225490913,2.2640873846066385,1.2965602956801663,1.2432884000781967
2007-02-01,AdaBoost,0.005228622030825109,0.19145010892715894,0.07507367388596285,0.0411741725086922,0.022943403031681357,0.28973368520564896,0.16357145186978783,0.0029245868836439187,0.005519643062776329,0.20238065259382249
2007-02-01,LinearRegression,1.2583260704988382,1.3293931871833884,1.5215881925303443,0.6343775232429608,2.6897790068946623,2.210157235836938,1.529841455450744,2.2691705024226825,1.3309195868652337,1.173863947857107
2007-03-01,AdaBoost,0.003877387155390667,0.21945537186309122,0.04574615790110078,0.0037826008941721856,0.0929877122285462,0.269825910685192,0.00081383617990589,0.006469981183919709,0.004950421355534117,0.3520906205531474
2007-03-01,LinearRegression,1.429418229579729,1.5433964012119563,1.7515968764103522,0.6678657964329088,2.6667444927313095,2.2969809336387703,1.4039481302179502,2.415326755895525,1.3284909748543403,1.1766941262393669
2007-04-01,AdaBoost,0.06661006832974546,0.003655577517109069,0.1830105494064517,0.3204949801703894,0.16075113273011615,0.038523486824604554,0.0022956971645505526,0.00789747773877649,0.005323122572261647,0.21143790754599504
2007-04-01,LinearRegression,1.4095215272404513,1.4832832839071612,1.8031089472413682,0.4447537489734149,2.7966673363246892,2.0563302277007875,1.331733037917747,2.450200034780493,1.386573675067483,1.163997428694203
2007-05-01,AdaBoost,0.1363343496657923,0.13016086349150705,0.009381005187537263,0.009104727842870893,0.015880973995685565,0.25026288858075735,0.08230812056823232,0.004321556502991106,0.15357355902677217,0.20867195513785378
2007-05-01,LinearRegression,1.4577790618576296,1.520058564776505,1.6891075428791078,0.5177020568376092,2.62342209080939,2.0117826013771545,1.4159041723936263,2.5958037695559164,1.6551587298526342,1.2823500644969619
2007-06-01,AdaBoost,0.047008679006340794,0.07914767189742312,0.117133321790914,0.1752536611011085,0.007208153210971697,0.008749866040746635,0.012728052034897429,0.007650417272359112,0.49166144544417323,0.053458732201065465
2007-06-01,LinearRegression,1.315111560744493,1.3157268940925049,1.4968232659848046,0.5781299296455636,2.1946403025381307,1.9880734474131008,0.9926217618586988,2.344083881892716,1.682554285500687,1.2875559190694092
2007-07-01,AdaBoost,0.12220032099698955,0.0,0.004101259923321771,0.010510933390160541,0.08887476603954131,0.17342909380000565,0.015458472905820704,0.03579601059878792,0.3451346800480357,0.20449446229733678
2007-07-01,LinearRegression,1.280341308695349,1.2741693860373942,1.4957370767737752,0.7151321934137168,1.852928144267267,1.8348710619166362,0.9864801818029129,2.197813417368217,1.6290233133519345,1.3172112882894207
2007-08-01,AdaBoost,0.011327620867893757,0.1372350372225993,0.1130722825843148,0.011321621648551078,0.008253608265944484,0.16832098612030322,0.018454138022356247,0.01132455801763193,0.5118617114176409,0.00882843583276422
2007-08-01,LinearRegression,1.0827340452030798,2.2745107721131648,2.4494956281309452,-0.5963721111206758,2.9865126494423024,3.3418047654635226,0.0,5.33083783670181,2.6995471308787624,0.0711163849827414
2007-09-01,AdaBoost,0.08392670252645058,0.02125996921512421,0.01593151681813927,0.015363018299219417,0.06467739313298775,0.30431768856993524,0.02210498372733471,0.028391950154794003,0.13489222947669027,0.30913454807932444
2007-09-01,LinearRegression,0.8718665232528683,2.1019693387957274,2.0957698181957287,-1.2683957115474576,3.8308059591887584,3.539120914372565,0.0,5.724267414355945,3.4219855325794626,0.0
2007-10-01,AdaBoost,0.1188720696867407,0.14421950276110132,0.10435555303297266,0.029239843597937878,0.0043767058899887735,0.015229028951915724,0.06412686610809068,0.00668363280029312,0.052022965126109544,0.4608738320448495
2007-10-01,LinearRegression,1.1101166761689354,2.148745464798755,0.5928608544739727,-2.0239186539508927,4.063936687252341,4.2503735808083905,0.0,5.819156346543815,4.519373653870133,0.0
2007-11-01,AdaBoost,0.09342062028784878,0.011334925902989108,0.00564529971626728,0.2050689206578704,0.012271006091606267,0.06258341870159996,0.1668764980184715,0.009732362120143499,0.043590405942740655,0.38947654256046266
2007-11-01,LinearRegression,0.7932672868921635,1.2602301198096095,0.5565383900809896,-0.0,3.2203628917894447,4.363616851729145,0.0,4.596763628194355,4.148936950996013,0.0
2007-12-01,AdaBoost,0.02301316705819729,0.020026433614687256,0.19947025793780687,0.024827461343692264,0.16592345135578015,0.027558924412438082,0.23636388462222038,0.016910357874932832,0.015039471940801064,0.27086658983944384
2007-12-01,LinearRegression,1.0385941754822507,1.3344521869455295,0.9416680092289235,-1.0012328171588423,3.0890327634201644,4.919839613805668,1.2842019525314319,5.026587491477525,4.364413266993703,0.0
2008-01-01,AdaBoost,0.0014011629589935069,0.15804198081650256,4.733754049849439e-05,0.01037029316816892,0.15195480780348583,0.18041759629680684,0.000821009174837775,0.01772711373761503,0.0023976194937730105,0.476821079009318
2008-01-01,LinearRegression,0.7421822163201987,0.8706923309956767,0.7653481752200507,-0.37755488972591456,2.966955102392387,5.382851745048035,0.6058790518681745,5.107973393444007,4.487455563469984,0.0
2008-02-01,AdaBoost,0.19431017605956022,0.232163315999618,0.06953425139293604,0.007334255068667546,0.0056134632216523666,0.002526885923469593,0.0040477894420017585,0.014743384993712676,0.0037666144185774337,0.4659598634798043
2008-02-01,LinearRegression,0.9806170098621299,1.797089794907492,1.3063094712306773,-1.2164410179270484,3.6323421443619495,4.503648248898876,0.7407091711557381,5.095447119759436,4.431299075412291,0.0
2008-03-01,AdaBoost,9.520959470069309e-05,0.03856336523100263,0.00320938832722305,0.013926232813520583,0.12784993710605952,0.21566385618815395,0.0118340781797165,0.01961435998221775,0.01956862736826987,0.5496749452091355
2008-03-01,LinearRegression,0.8425406539735858,1.055732049703793,0.5116188664513802,-0.0,3.0671672898601656,5.404581362846345,1.1958646367326804,4.966080775000452,3.6224330784587813,0.0
2008-04-01,AdaBoost,0.061842017703004855,0.22036913409841002,0.004473383617022526,0.004708350889595132,0.06103322848817279,0.19443982224232365,0.004540546150091205,0.01148247030557718,0.024208001233293048,0.41290304527250965
2008-04-01,LinearRegression,0.8218000860122598,1.6397897052307422,0.4544069108768026,-1.106513667844854,3.426990225919369,5.625293420087069,1.5635643364860379,5.1004975579363165,3.858126431426255,0.12205348080803173
2008-05-01,AdaBoost,0.0,0.0077174456880838805,2.833433235840413e-05,0.4410626967123381,0.0056877966358741625,0.019226441636603125,0.008721957020498348,0.006909557624028856,0.002062155782230644,0.5085836145679846
2008-05-01,LinearRegression,0.6982295066395099,1.4857100204548919,0.2712951977347881,-0.3554718601041217,3.721130163345333,6.389720496748046,1.241751627121385,4.800273952969388,3.2925215360046316,0.0
2008-06-01,AdaBoost,0.005039642581631297,0.03255630101159793,0.16710912192080812,0.009383774061870642,0.187745624948361,0.018666586797773704,0.010280336297029886,0.008819294622113023,0.004758230255204931,0.5556410875036095
2008-06-01,LinearRegression,0.9583592013046343,1.358643848026181,0.6566500803002497,-0.970658819084244,3.2283961973392867,5.417429106471889,2.0434595300577576,4.592510778700086,3.0142014667292893,0.4215863216895098
2008-07-01,AdaBoost,0.012004835560802948,0.017627355993444817,0.10628730473694067,0.016106493621239833,0.0,0.317842974455202,0.014296509789480404,0.0048979100361323654,8.065051520558661e-06,0.5109285507552365
2008-07-01,LinearRegression,0.1683130886498522,0.1622488061907741,0.0,0.0,3.070658208509555,6.028313774530945,2.389003148806288,4.02277454936603,3.487857003779038,0.0
2008-08-01,AdaBoost,0.0015326436336938402,0.015246681691140913,0.16595899830364227,0.0028320102080284467,0.0,0.2115092578249585,0.08090283492697323,0.0038473285813842408,0.005342207404686785,0.5128280374254918
2008-08-01,LinearRegression,0.5629407839497912,0.6118036393665913,0.0,0.0,3.2215556195312365,5.126190724048157,2.6480523813860635,3.505448460912176,2.7153952950384537,0.0
2008-09-01,AdaBoost,0.3504515497419944,0.003229145735044331,0.0,0.007073055080532051,0.0030740038408781176,0.01583785034223132,0.013665549623940015,0.005999913426434931,0.008992041696445732,0.591676890512499
2008-09-01,LinearRegression,0.8402556641154824,1.1287116558531989,0.5228240776704848,-0.0,2.773321177177465,5.193465925063408,2.350300000018842,3.8292222324256064,3.638242701661202,0.0
2008-10-01,AdaBoost,0.00983343292362641,0.0,0.0,0.013960578432845164,0.0,0.545799567200772,0.01836424217935961,0.011587767133324505,0.008237954957984323,0.3922164571720879
2008-10-01,LinearRegression,1.0539522828325258,1.4439726436109124,1.2575942713738222,-0.34979072483790635,3.103890843598392,4.525819093387528,3.1114788944990575,3.768362509506411,2.8309171187334687,0.8145418471987498
2008-11-01,AdaBoost,0.04909595111068749,0.009037441473523077,0.0,0.0,0.15381353912533025,0.37591254237765237,0.17638066964231255,0.0,0.001534721549221013,0.23422513472127326
2008-11-01,LinearRegression,1.0962311095467956,1.3435298119755876,1.1416042703767355,-0.17732143598793917,3.1471502366823096,4.132601180228928,3.548719865970197,3.446938411646981,2.3887192596109794,1.1209749663224018
2008-12-01,AdaBoost,0.08090160395865313,0.004711639250307429,0.1053483666777284,0.07969159470678337,0.0026897715695609775,0.4113571296297498,0.032001566163885296,0.0038174339914351903,0.11929158868185384,0.16018930537004256
2008-12-01,LinearRegression,1.1658547250121796,1.3976756000881547,1.075158237701186,-0.2589301591888595,3.285363113916818,4.1563083767182905,3.659722101066166,3.6722964068305695,2.319525148627826,0.9896746628530143
2009-01-01,AdaBoost,0.0846516615535035,0.20962276980411573,0.0,0.4355195502828518,0.0036435244539450755,0.0026208392345127814,0.04562055161126087,0.004048178085318452,0.1537859945468903,0.060486930427601594
2009-01-01,LinearRegression,1.0310991983755464,1.2436908077157645,0.9567891129182616,0.0,3.1874593452423277,2.9682040836218997,3.477066483855078,3.000176813282352,2.0596956380661817,0.8880305767772437
2009-02-01,AdaBoost,0.31817525096608557,0.00505295193091375,0.2110724943935888,0.07734673130105041,0.013373392905002435,0.07866195714049813,0.08733074770961285,0.003583820662402652,0.02198993562385598,0.18341271736698952
2009-02-01,LinearRegression,0.7554825079388935,0.8620006211670224,0.692409113168786,0.0,2.610332394967876,3.372037521074211,3.827029482670444,3.222687884720464,2.4928584625460366,0.6984002664523179
2009-03-01,AdaBoost,0.11629133987082613,0.19867959895202109,0.0,0.0013831375878527552,0.009667906918109159,0.35486921776730346,0.0634834722071949,0.0023984892260141446,0.24495204844280857,0.0082747890278698
2009-03-01,LinearRegression,0.5328354921712762,0.9502668189033475,0.7526498123367122,0.0,2.6869516452483557,3.1436380577328134,4.4161377139729385,3.4804571849392842,3.3050572277866563,0.6359213942182965
2009-04-01,AdaBoost,0.0,0.0,0.0014710246658363004,0.042734527967635993,0.00611384633271453,0.0760550755311249,0.04536219062604288,0.0006621865462264466,0.8213521793395223,0.006248968990896582
2009-04-01,LinearRegression,0.5269527830746281,1.1822270496976595,1.1562518687711099,0.0,2.7858590100695313,2.7501321381693176,4.317098248943663,3.829817386534307,3.9322653467371174,0.0
2009-05-01,AdaBoost,0.0,0.08122927647626242,0.24516313467405726,0.002475434185059426,0.004659326787699289,0.005952433355456254,0.34227385015907524,0.0025903943472553475,0.3096955655999906,0.005960584415144197
2009-05-01,LinearRegression,0.4315488059474337,1.4972010371443045,1.1792059989654442,-0.0,2.7798377614455374,1.7711688505092278,4.191648701047106,3.8062609749567593,5.597621857651069,0.0
2009-06-01,AdaBoost,0.0,0.5124153968103814,0.0,0.0,0.0033587692018805125,0.1171541906801595,0.224335423243692,0.0,0.1388494461500629,0.0038867739138238287
2009-06-01,LinearRegression,1.1983348216588081,1.5284076097932005,1.3285874390005135,0.6041370817566877,2.4946146526439597,1.9687043760016831,2.9887376681621567,2.841341244475684,2.959784205277071,1.5068827812483772
2009-07-01,AdaBoost,0.01734667819320531,0.0,0.28698728607091806,0.002609406803681877,0.0011791845975234912,0.0314067624174771,0.019667715666768257,0.0010677320152919945,0.3733522359857502,0.2663829982493838
2009-07-01,LinearRegression,1.04592344511361,1.7651142737607644,1.5946275073000322,0.6253593083029106,2.766549414346516,1.432641632770838,3.3301521923190065,2.7768973328174766,2.6341064386961848,1.6164112203680259
2009-08-01,AdaBoost,0.21498438539574466,0.0016683426822788152,0.005497062211487935,0.12246629532563084,0.1612132924262428,0.06701221655107371,0.1345129044319374,0.0,0.01959299145015102,0.27305250952545285
2009-08-01,LinearRegression,1.23517070308685,1.8381362176611487,1.6344835348484974,0.6385455443231626,2.729943580797204,1.8979454163079357,2.9631912396745435,2.9235377979488235,2.626461559884121,1.8508668810662803
2009-09-01,AdaBoost,0.09134882306053978,0.08579900878636115,0.2911041449435745,0.14472541658682753,0.004298429550571318,0.040754922678600855,0.0060022904026577305,0.0,0.01359722343969278,0.32236974055117446
2009-09-01,LinearRegression,1.2887354923771355,1.6801924090010565,1.43170618202225,1.0118134783241626,2.4682023381889873,1.8463628149102467,2.2961078109616673,2.218187591660519,2.2095244291442837,1.6790492169934292
2009-10-01,AdaBoost,0.16847667539910305,0.0,0.1312023462364587,0.002839681090841145,0.06253810603485975,0.012378473772921146,0.19126658701793567,0.0009897000931705865,0.01256578144832191,0.4177426489063881
2009-10-01,LinearRegression,1.3362557886639221,1.5991389138208996,1.451472609671997,0.8978364713161121,2.1683452109854375,1.997424448719252,1.9053187238444285,2.378083988487404,2.20223613675948,1.655121935159524
2009-11-01,AdaBoost,0.013737997528655604,0.11387701731620402,0.06310130978992382,0.07433136199907343,0.01075905293281302,0.09429343817954688,0.002230997420955249,0.003780314543676949,0.20465115879251436,0.4192373514966368
2009-11-01,LinearRegression,1.4105972937330633,1.8357117650003727,1.582982747253503,0.5806835093587303,2.4842310910626386,1.9211763769091128,2.2908803618532168,3.225689055161112,2.4535226683989517,1.6737745287787849
2009-12-01,AdaBoost,0.00011025666137994008,0.1376679438764092,0.0039227524250741485,0.00048360498950422487,0.004532456061989692,0.05159133206485929,0.0478677381300287,0.001958119220487597,0.003768971333693508,0.7480968252365737
2009-12-01,LinearRegression,1.3103877832084716,1.6025401823454946,1.4897527044052614,0.9459144257172666,2.2220461391144695,1.7060259379343081,1.750512469662506,2.5017646704645604,2.1264796101309997,1.5913104148870303
2010-01-01,AdaBoost,0.0,0.0030383344661553823,0.0014724472196142129,0.0,0.24974749596491375,0.3632831004602027,0.37150055734202253,0.0,0.0038912373620636764,0.007066827185027825
2010-01-01,LinearRegression,1.303319876879712,1.5213775210426328,1.3960599334215447,0.9303512011036621,2.0744182820514014,1.6439056609528975,1.5699676186398228,2.257872635693463,1.9736083608167319,1.4624863719409473
2010-02-01,AdaBoost,0.33718284232120815,0.0,0.0,0.0,0.0,0.49339282702615145,0.0043365922961615695,0.0,0.008903697040182334,0.15618404131629648
2010-02-01,LinearRegression,1.4458506828615598,1.8301848361558635,1.5622407022627327,0.9514865308748048,2.4856819756327675,1.6601264277145924,1.5747155603240188,2.2504688053250694,1.9290882935893312,1.473391709318132
2010-03-01,AdaBoost,0.00172321711611199,0.0,0.2772755955755753,0.0,0.0,0.27132282374861993,0.3532457295582562,0.0,0.0,0.09643263400143667
2010-03-01,LinearRegression,1.4410072655776984,2.0284881416156546,1.8104967966050134,0.6804439564935825,2.820573189820748,1.729538289689182,1.1820640014511987,2.252727317153346,1.8690014824667156,1.4032607903275078
2010-04-01,AdaBoost,0.17609001015326384,0.214411923144471,0.4635898711535399,0.0,0.09838648698117204,0.007089599104292693,0.026259711923301794,0.0015476567939444158,0.0020213660716415496,0.010603374674372772
2010-04-01,LinearRegression,1.3822898643802624,1.826874465954475,1.653195106418053,0.8360244675364249,2.602144006172247,1.8906741272100382,1.0446831088009019,2.0584874484470017,1.7526313711297044,1.408214548018637
2010-05-01,AdaBoost,0.002550340315044419,0.0012194156034902608,0.11359907325760102,0.12332409793846087,0.5847496144804126,0.0009331841477360252,0.17255308772635608,0.0,0.0006553874680531566,0.0004157990628453853
2010-05-01,LinearRegression,1.3352543214552375,1.8331885458059816,1.6000900025918043,0.6191442345384045,2.8714755527184335,2.598595076041766,1.3703490132014124,2.1660538940414753,1.5780152306612085,1.283904688576654
2010-06-01,AdaBoost,0.0014988640811322788,0.0,0.005502632360695198,0.0,0.09945632778003348,0.2705770221364936,0.29727209748442435,0.0,0.0,0.32569305615722105
2010-06-01,LinearRegression,1.1603836345528924,1.6873441345948634,1.5335400470518195,0.6301569519612261,2.868408906091407,2.7073004701739376,1.7703023486327056,2.0732055739496,1.3389951899144736,1.1086625470907248
2010-07-01,AdaBoost,1.3027976887435222e-05,0.07795839794830409,0.03777809115303679,0.28822327599758074,0.3850220273593832,0.15290336557631676,0.04446068839411909,0.00041698827410557415,0.007059263604971913,0.006164873715294461
2010-07-01,LinearRegression,1.3171506765749046,1.7788274138593114,1.3888334165020242,0.7636137419854775,3.0710264564524015,2.703459690332529,1.8959515444967343,2.2358854400896293,1.5310893723083727,1.2650451634203161
2010-08-01,AdaBoost,0.42968726893964865,0.0033920260837984034,0.07635437916329497,0.0023308991966464404,0.004992894227806137,0.001540898691103204,0.045638985174284434,0.0036634927326967075,0.005555806410010336,0.42684334938071067
2010-08-01,LinearRegression,1.2727069615264819,1.781450841312593,1.4432699969109744,0.6796543750680731,3.186726661746363,2.7940869179761028,1.9315777848234548,2.3694238580926563,1.5723428567687443,1.1442141884085415
2010-09-01,AdaBoost,0.06795527920021549,0.004649192059735028,0.22947212220980168,0.3814828127163689,0.00295027017348778,0.09699195296284564,0.20892420393686814,0.002132660339397905,0.002497698418651029,0.0029438079826283165
2010-09-01,LinearRegression,1.1176231212660073,1.3885520824230584,1.1703422481368968,0.8597862147020954,2.6463720739663548,2.5208500948796155,2.0808544933036077,2.141104076784578,1.1580318534237768,0.8880373462568834
2010-10-01,AdaBoost,0.0029572897500981864,0.1415527909155487,0.2900607392984754,0.005290919964246159,0.3413522956016379,0.004746009867762471,0.0001704437871629176,0.00537887068425414,0.0031798946240613967,0.20531074550675263
2010-10-01,LinearRegression,0.5131958532725955,2.47071059367078,2.247205865684012,-0.0,5.029299012938717,4.285220557373167,2.816233450699528,5.030005407283796,0.0,0.0
2010-11-01,AdaBoost,0.39894847369443864,0.25394154321996854,0.0,0.0,0.328654954070088,0.007028839158627452,0.002055373959813097,0.002413191562970149,0.005224010055572132,0.0017336142785221048
2010-11-01,LinearRegression,0.3146327508935325,2.5395881084030547,2.324681409940585,0.0,4.920679646740068,4.585109587037518,1.4498243273840132,4.912944243392363,0.28139514143052563,0.0
2010-12-01,AdaBoost,0.43176494613076527,0.23615878659642708,0.03326282047544842,0.1960063846781284,0.08751052568606642,0.0011120527388736629,0.007593512120563689,0.0016353592641340214,0.0022598531251111784,0.002695759184481825
2010-12-01,LinearRegression,1.2752274496919607,1.7327432168478036,1.726161796816702,0.8300808199870788,2.8412595778191188,3.231350709855692,1.569955837499464,2.7607506008996348,1.2790312404321715,0.8089158703080581
2011-01-01,AdaBoost,0.1722489006468429,0.003525068690310522,0.2620913507820403,0.0,0.3000417534023745,0.14753142449497708,0.008329989743294875,0.0044055980976998475,0.10069908349131067,0.0011268306511494337
2011-01-01,LinearRegression,1.2032349146818064,1.623057463120967,1.5668790542517732,0.9015106391303779,2.64728090480903,2.5574873933615474,1.2025091142997195,2.272571413714757,1.3066958719379334,1.1150523721206689
2011-02-01,AdaBoost,0.07516818834315117,0.05637324413993434,0.31908024747710684,0.003800173179480116,0.0003451023976845532,0.23978678456749208,0.01140031349213495,0.0022069177037421384,0.29183902869927386,0.0
2011-02-01,LinearRegression,0.2845903641310318,2.3057342664061475,1.7607780122994119,0.0,4.22936883426454,3.6194793959005893,0.0,4.50808743203304,1.8301068600060169,0.0
2011-03-01,AdaBoost,0.0014290786828231666,0.07288159135731073,0.2630019212839485,0.6441966883730477,0.0,0.0,0.015555704353446394,0.0018242103822816446,0.0011108055671419238,0.0
2011-03-01,LinearRegression,1.2133780058810801,1.5205161330872783,1.2942140027203999,0.9188986710181223,2.587026439962254,2.5345006151824347,0.9573592506766696,2.2941476000090675,1.4727340845410049,1.281094223864083
2011-04-01,AdaBoost,0.0,0.0,0.31730693354535794,0.004177988000787354,0.0016326046988773709,0.18375989722347952,0.012195641739546475,0.001934895284118961,0.4778956380431668,0.0010964014646654091
2011-04-01,LinearRegression,1.334506395184249,1.3942711345607066,1.3318232719668417,0.9725525721601863,2.2594232355238373,2.3176363528554784,1.2337034671341383,2.1024000827394174,1.323799645574523,1.174842969881807
2011-05-01,AdaBoost,0.0,0.13175635859428178,0.234486600226281,0.006537606308672987,0.0031307131591593045,0.004716495191491507,0.34990320795002094,0.0010791567427452897,0.26758344056557504,0.0008064212617721727
2011-05-01,LinearRegression,1.3109219915397345,1.3808265891029177,1.3109664003451351,0.9142570332326166,2.5026536195314333,2.5139344817064475,1.4511888520379697,2.4867815651363254,1.303987816286494,1.036298087931523
2011-06-01,AdaBoost,0.0019404492102174367,0.008701357615866644,0.14868805030900717,6.670188469334376e-07,0.00021167276988160615,0.011592437208765119,0.0012443339077607357,0.008472200506042424,0.35564983626168173,0.4634989951919302
2011-06-01,LinearRegression,1.3399453411878477,1.2947099442207215,1.2714194596364379,0.9678783467899432,2.456967077484236,2.2468269047491463,1.34120861649837,2.3569123119638005,1.400466221007565,1.1465696120726032
2011-07-01,AdaBoost,5.454899322119785e-05,0.005888185901129747,0.0014940340956121124,0.0,2.546542742817069e-06,0.0038942696130507284,0.19943110110163875,0.003021132126766506,0.3560524679565341,0.43016171366930395
2011-07-01,LinearRegression,1.1207503394893932,2.2069059846279373,2.493043952133505,-0.0,4.3915765366600885,4.056494439060018,0.0,5.840823663215426,1.0936489858868832,0.0
2011-08-01,AdaBoost,0.0017103881843938903,0.00847605868757666,0.0,0.0013727023585250733,0.0027538711949369613,0.003315862609794119,0.004550741806214987,0.01020425925248706,0.32882718983211784,0.6387889260739533
2011-08-01,LinearRegression,1.6048450200894706,1.9530054642401493,1.7181869838574007,-0.0,4.009215129680144,4.022834365514238,0.5890491561088929,5.099295889545623,1.8242033785915959,0.03126755021423455
2011-09-01,AdaBoost,0.0,0.00522335516502493,0.23923832558001532,0.10738345583924196,0.00661888965769087,0.0018449750625588216,1.600833117079281e-05,0.017665974564389186,0.0017319365692226112,0.6202770792306854
2011-09-01,LinearRegression,1.2909251006874585,1.1983196695204283,1.3485916159669653,1.0206665797567684,2.4160709033300916,2.4454636301772283,1.2241406414596918,2.450386238860098,1.6691191306873459,1.259697729671229
2011-10-01,AdaBoost,0.0006576875498145969,0.003971861907336137,0.0017099383091160126,0.14521318199124206,0.005642906496903854,0.044226135289632915,0.11005449432906284,0.01302959451407804,0.24696366573751222,0.42853053387530143
2011-10-01,LinearRegression,1.1552270420095174,1.0422886389002721,1.0839177494294214,1.12898570688162,2.3603811150054583,2.35201954067306,1.6127273938986806,2.2545647443540213,1.7806043869025572,1.419317141135552
2011-11-01,AdaBoost,4.12811621898544e-07,0.007144059839372581,0.0012698377355709813,0.0020195151610768783,0.0031016783147654685,0.009857468271596139,0.004891997683839507,0.013095486317132487,0.17664960795621665,0.7819699359088074
2011-11-01,LinearRegression,0.6616834751345477,1.3322115895438986,1.2966918567382852,0.0,5.4533592853164565,2.9085300301436066,0.0,4.534129777439473,2.4876347447173677,0.0
2011-12-01,AdaBoost,0.0,1.6986781854262715e-05,0.0,0.002591432246071544,0.004679038983711509,0.0025084264809782054,0.0022947790979046044,0.012757648571387621,0.3357621598649613,0.639389527973131
2011-12-01,LinearRegression,0.6337575423541866,1.188638745993347,1.0668720590559944,0.0,6.227861898228659,2.7921132079405298,0.0,4.3498015627355615,2.327375999828193,0.0
2012-01-01,AdaBoost,0.0017837480857584279,0.006373621276742802,0.0,0.005860382354480284,0.0009466716924119045,0.0034890581323376497,0.021689977642569042,0.010178888736378042,0.23145084030543195,0.7182268117738899
2012-01-01,LinearRegression,1.2792872881713402,1.550742278699739,1.4215171829682338,0.0,4.549226842572847,3.8004492134160808,2.370998481279839,3.830429757343418,1.4895908744191702,0.6308655103290978
2012-02-01,AdaBoost,3.5632925814716025e-06,6.321443767043856e-06,0.0028288273980894155,0.015065513777308024,0.06636388089048821,0.0010332220622671707,0.006820390328863186,0.006643469017691889,0.10244100812020965,0.798793803668734
2012-02-01,LinearRegression,1.1932337885549558,1.1807973491935482,1.3814867200161964,1.0904463620228333,2.8776553064124837,2.3505993326852295,1.8360750154897456,2.5644118409894383,1.4489186507573582,1.1236535901783506
2012-03-01,AdaBoost,1.8336313179008682e-05,0.0011837455614862032,0.0,0.004105303037564946,0.0,0.11175518262023197,0.10871581836123748,0.019227156835575288,0.27217115670923075,0.48282330056149425
2012-03-01,LinearRegression,0.7162371672791195,1.8195966210348917,2.3989137428805094,0.0,6.024077751274961,2.574743494463993,0.24545601226309727,5.891222875608667,1.2836005996174573,0.0
2012-04-01,AdaBoost,0.0,0.11629856811542284,8.956521558501893e-06,0.06594974494743674,4.607290213348847e-06,0.011534802610258858,0.2540301092879787,0.005788780595778674,0.006249562604269784,0.5401348680270824
2012-04-01,LinearRegression,0.5522290250574375,1.516900047745899,1.6243423329115396,0.0,4.6287227001448334,2.2213522658157263,1.7135405679167464,4.170209836554271,1.6892166951610579,0.48796356112657174
2012-05-01,AdaBoost,0.032926632564050096,0.0,0.049102192524617394,0.0070525234085658875,0.0,0.011302812076212927,0.017638189704199416,0.002767018307213274,0.08957534469638778,0.7896352867187534
2012-05-01,LinearRegression,0.10549901712946465,2.0554687656025434,2.2895033085050858,-0.0,6.2870176651095875,2.6235798032999846,1.3452788289375253,5.40960307736262,0.9954487311733226,0.0
2012-06-01,AdaBoost,0.0,0.0017025512826063893,0.23534006885779474,0.003051887936414666,0.191645709204535,0.35855784843414196,0.20380795528412082,0.004400433814946361,0.0014935451854400695,0.0
2012-06-01,LinearRegression,0.9736295596572335,1.2154682444536729,1.3162876432470552,0.9357735178623116,2.861818986931177,1.9848284697827483,2.1947532929501867,2.327603672997983,1.343041944413369,1.1299647709990968
2012-07-01,AdaBoost,0.15099934105681942,0.14903936034255807,0.0008896743475551,0.004352258044537487,0.0012637110244279176,0.6167215383602227,0.032520388791704824,0.0012577876218101889,0.0,0.04295594041036464
2012-07-01,LinearRegression,1.1204187257713047,1.3919737078886065,1.2874253916154783,0.7775606479503632,3.2070554332808627,1.999319463177366,2.2805780320592195,2.378159175463259,1.317281451915138,1.1523977757833137
2012-08-01,AdaBoost,0.0,0.2163404780262913,0.33376400560499053,0.0,0.05328893364751664,0.014106170870847756,0.03550442026495142,0.0021232377029783657,0.0,0.344872753882424
2012-08-01,LinearRegression,0.6558719189948113,1.399552459092966,1.5792342677994706,0.0,4.935437098751208,1.7213965208088668,2.5431008104951585,3.1996311313090198,0.8793174834287187,0.7121376401310562
2012-09-01,AdaBoost,0.0811402809186722,0.2238623853036355,0.015692418027922022,0.23420834719965067,0.0013224505751675759,0.011386146480149177,0.341270688766959,0.0,0.000830611825091572,0.09028667090275226
2012-09-01,LinearRegression,1.072374668035818,1.5485364883825181,1.623754466075599,0.5400061959117782,3.041513291168901,2.0442931389306196,1.72204855628263,2.3278163572099544,1.1224813252959782,1.0390852776512423
2012-10-01,AdaBoost,0.0,0.0942618803363012,0.0015630602647765425,0.055216214535400245,0.31500734643975753,0.012185328105438419,0.00726678607650515,0.0004965011080843657,0.0010528062342537213,0.5129500768994828
2012-10-01,LinearRegression,1.2847632451651363,1.7673996656491466,1.7190789305574636,0.5114492015808279,2.8797612791290197,2.040872200181458,1.428998011471906,2.1505714313875686,1.077742630961371,0.9926500948311031
2012-11-01,AdaBoost,0.0019162605289593877,0.2418137939790212,0.5120157261685048,0.00325509704665763,0.22140403897943675,0.011152803968372668,0.005670269678447981,0.0,0.0,0.002772009650599645
2012-11-01,LinearRegression,1.1716380203866374,1.531150100443489,1.5345960425914849,0.8365211514140444,2.5477231013861537,2.048264760273305,1.7894357319107979,1.8820767715082554,1.3199946329139012,1.2548574758453337
2012-12-01,AdaBoost,0.17201476692692025,0.0018233449783378467,0.0050485317239435615,0.4197379821940751,0.0,0.014432711677329022,0.0014839393930551053,0.0016907264002254234,0.006812558278926761,0.37695543842718715
2012-12-01,LinearRegression,1.0239175624321044,1.6638786341109546,1.7440638725405782,0.5642461272031774,2.7528972369065112,2.240615568699203,1.6963179300865392,2.2462421158144608,1.3525201152675075,1.2708079341161025
2013-01-01,AdaBoost,0.12484714695178897,0.5239186528825697,0.12191385314002211,0.002699483591163031,0.006367131484829074,0.025461746953705972,0.10101766629086559,0.0,0.0,0.09377431870505554
2013-01-01,LinearRegression,1.0069296545640751,1.5944439883878,1.7572161555742989,0.5491332162750389,2.512976097608282,1.963279856423037,1.2718139049748225,2.2238644565975867,1.354338430721225,1.3622103676510564
2013-02-01,AdaBoost,0.0007591566478872603,0.003393251864213584,0.1913538772072806,0.3599921943167818,0.0,0.4385392870516043,0.0,0.0,0.005962232912232399,0.0
2013-02-01,LinearRegression,1.0421407975447268,1.5888905066946375,1.6021863092360566,0.6830500119929858,2.369407438053407,2.1196823899891455,1.4556462043540273,1.9747613349184392,1.3686115361186468,1.3803445628350466
2013-03-01,AdaBoost,0.362750425426407,0.2561420195154815,0.2274988987841952,0.002739930964456994,0.002643403296920564,0.005879790569372023,0.011449623691397355,0.0012269754076522296,0.12966893234411717,0.0
2013-03-01,LinearRegression,0.9073030546721219,1.6846813568637382,1.652705604158524,0.5277172834193468,2.788989063030159,2.511436831104185,1.9074614744321847,2.1588396312876683,1.4494119192936312,1.3336318792186197
2013-04-01,AdaBoost,0.0016048783238421357,0.5468588293595391,0.0021725832218102946,0.0064269253558672385,0.0,0.11966174392053083,0.31705352506934387,0.0038882077580342156,0.0023333069910322617,0.0
2013-04-01,LinearRegression,1.0828454753248098,1.5176687869922352,1.6488545551600773,0.5342802372662893,2.638367405371443,2.325074402120729,1.6945169232965476,1.9101443602049781,1.665541323339958,1.369523689652204
2013-05-01,AdaBoost,0.0,0.0,0.2593219369103326,0.004028406273120542,0.026612466274990913,0.009476574342011967,0.18497639347306108,0.003260204515853886,0.508031931830726,0.004292086379902969
2013-05-01,LinearRegression,1.0477865050654795,1.5180706089738425,1.6015664161651662,0.6847201701476345,2.566996801725061,1.969810839676832,1.6613534270675498,1.8540084511735584,1.6958698450019494,1.336074735738211
2013-06-01,AdaBoost,0.0030985359694515077,0.29116883625100926,0.002882271009715653,0.0,0.25202616511615517,0.0,0.4333334027093677,0.007593553610197141,0.009897235334103508,0.0
2013-06-01,LinearRegression,1.1635878730501044,1.6318759092246375,1.7703999995648059,0.82096886200311,2.267477031963849,2.281429334038639,1.0651965421526035,1.9818916542173504,1.7534115099449235,1.4214965522687306
2013-07-01,AdaBoost,0.43155019921414517,0.0044932057211886055,0.08645846018102,0.0,0.0027051400648808684,0.27509850775621986,0.19356363937418003,0.004607728972419531,0.0015231187159458139,0.0
2013-07-01,LinearRegression,1.0591394050016159,1.5334673290647847,1.6396371359847726,0.8421809913048716,2.1335817155773293,2.1245166925279233,1.1636063492282416,1.8472235783175168,1.6918554960682628,1.3838630441749038
2013-08-01,AdaBoost,0.2690336808237845,0.36467034319022756,0.1507639443924702,0.0,0.04372498570523991,0.013879492357471794,0.14084312657918896,0.00663390917161649,0.007133411813836822,0.003317105966163679
2013-08-01,LinearRegression,0.9111938248030097,1.7049009767317893,1.8827042250882446,0.5186368199026962,2.3346098593625446,2.638968118554896,0.6110171363292036,2.259649564472893,2.106115064233971,1.518586112496475
2013-09-01,AdaBoost,0.010137013291229529,0.00717894462562659,0.12239048393057592,0.0782889855774638,0.13063221010281897,0.2585342356226964,0.0151047091144574,0.005785489570388391,0.36957317357937486,0.0023747545853680945
2013-09-01,LinearRegression,1.0225785669663,1.4014735878336426,1.6439134440843475,0.6371664964394201,2.177135230822362,2.2733047837998734,0.8961980080320806,2.1661499677692846,2.126799598434757,1.6666303382253265
2013-10-01,AdaBoost,0.008860447242803382,0.00010856719547811908,0.281258809915643,0.04832326927016437,0.2517907697789568,0.1638007093968272,0.2294482684119488,0.0009071699605619886,0.01044892317831353,0.005053065649302911
2013-10-01,LinearRegression,0.9825561561371638,1.3207862837985402,1.671306992109222,0.8773879799416899,1.9596248016468663,2.205110629181976,1.0514289932314125,2.153147924659754,2.00942843473868,1.5916321281117998
2013-11-01,AdaBoost,0.0,0.6003165736953374,0.0017501480974396165,0.0012799116102920948,0.287843646762427,0.0,0.09079500348758301,0.0,0.011217820212159649,0.006796896134761109
2013-11-01,LinearRegression,1.0361419393814604,1.3856901444914689,1.5617294173761986,0.8232983323432324,1.9765704970295683,2.2077074913151225,0.9988387291591377,2.2524366839695524,1.8831218158249916,1.4648778777315348
2013-12-01,AdaBoost,0.08304632337918066,0.5619954686680391,0.007866305182352876,0.30971699986545764,0.01264831198286678,0.0,0.014125377177181056,0.003665629191816206,0.006935584553105653,0.0
2013-12-01,LinearRegression,1.1157185082204242,1.3398261595022918,1.5795034653322635,1.033381401508549,1.7985870180801182,2.1653747043061315,1.0244722112561235,1.9590415646433925,1.7602155203227101,1.396570824820783
2014-01-01,AdaBoost,0.02903671185281988,0.2741601687042369,0.039608352188332197,0.24656560939750077,0.016379876234263194,0.09769763041950874,0.09252367090054166,0.04580917809153412,0.1528052667892349,0.005413535422027674
2014-01-01,LinearRegression,1.0735124904783429,1.2500182828789912,1.530208918980541,1.0231650214403185,1.7457189865344298,2.3497336011536194,1.1092098808004789,2.0183619614008603,1.7173249116567468,1.3322200884064166
2014-02-01,AdaBoost,0.15081161812912863,0.057097193960118656,0.006441134481942886,0.17695771874837785,0.13139602734221797,0.09317558684723283,0.12682771584622798,0.0067933385554827305,0.19737248424722476,0.053127181842045706
2014-02-01,LinearRegression,1.1140749918726902,1.3172054767018486,1.4331515468157814,0.9286798348443923,1.9626237345024955,2.455478039536363,1.2519408301177997,2.0868423428042755,1.4991372213584835,1.1217918599763792
2014-03-01,AdaBoost,0.32188073974834785,0.02145331279906468,0.004391882252026351,0.193658425540202,0.19159163341752503,0.18659036854131106,0.018024836033273126,0.0,0.002658002489983481,0.05975079917826647
2014-03-01,LinearRegression,1.1447146351421862,1.3824577586746754,1.4916848957157836,0.7985966654350694,2.039926986313947,2.842441543935008,1.0173582036520838,2.422064483311222,1.5696875310972518,1.1211516801335886
2014-04-01,AdaBoost,0.1706343846323957,0.006036624690571152,0.08122544386397507,0.1463137429280375,0.2051419119715096,0.04531263689920512,0.09030886043832609,0.0011438138410443971,0.20267156308734935,0.05121101764758614
2014-04-01,LinearRegression,1.0720673541578891,1.4491046393305949,1.3928064810725618,0.8513187418171174,2.0152218414643257,2.4822378103782547,0.9417272386029628,2.3259353630426545,1.5329537927616899,1.218908150854079
2014-05-01,AdaBoost,0.007093157896972799,0.003687514510909291,0.06738883400601602,0.36031962693037056,0.14843354994702943,0.269920179448196,0.1288300443374781,0.0021360124184053885,0.012191080504622337,0.0
2014-05-01,LinearRegression,1.3368393526981963,1.6908735887836153,1.6235671613553353,0.7841167662267363,2.2686702055747956,2.9299125923853504,0.937450067139643,2.7514476667128807,1.6587800620455,1.3704904415191208
2014-06-01,AdaBoost,0.02798091289300377,0.0022022788138652983,0.06392053707660023,0.13471126026783664,0.01110968373648235,0.4346472378109311,0.029066312084968272,0.0,0.1462471998682812,0.15011457744803094
2014-06-01,LinearRegression,1.253058360361239,1.399999099832091,1.414062814399775,0.7691257208669707,2.2202237330468746,2.6136028518404535,1.2187769838923597,2.3743892586861772,1.5533580552372557,1.3001324227092006
2014-07-01,AdaBoost,0.1506829491183061,0.05647721662435584,0.08562801297923082,0.017304591271715245,0.2853271677555978,0.32988194097195084,0.05862700208329859,0.004887938167064199,0.007573321940868143,0.0036098590876124516
2014-07-01,LinearRegression,1.18245017792999,1.3453875636987809,1.3728967618764092,0.8245546674463701,2.0065161320196863,2.384142153089778,0.8526758294020402,2.1397042150014114,1.5358017258523375,1.3114166816136914
2014-08-01,AdaBoost,0.31739734442700407,0.219058234558448,0.00724086323070273,0.007401257454957022,0.13412920811874493,0.19750200498406342,0.03219254389656011,7.08692978668873e-05,0.013984913879730563,0.07102276015192237
2014-08-01,LinearRegression,1.1381630571885064,1.6024942375389541,1.4520573442903972,0.5676575359662288,2.5286703446669843,2.7815536412741455,0.9922120897208707,2.681439481713636,1.5403388262883528,1.1738571883993874
2014-09-01,AdaBoost,0.24671848295307605,0.21690718607930246,0.004534908842931745,0.13628233818869667,0.004902968757864873,0.02849689940469528,0.2673220056032102,0.0027736399853147777,0.019323390666700406,0.07273817951820756
2014-09-01,LinearRegression,1.1175741046729264,1.3688507715231708,1.434553023584855,0.8498525594077729,2.0546121689237618,2.1970007836120655,1.0588946534609902,1.9407140146201252,1.350907313132502,1.1274121564534996
2014-10-01,AdaBoost,0.32274284827599287,0.13087573349640683,0.12432564650275175,0.11973703411388645,0.1536405917392042,0.06757699502961496,0.010679533481235239,0.005361930169258507,0.017486594970781987,0.047573092220867134
2014-10-01,LinearRegression,1.1368399581164716,1.469435773976487,1.4984257628777657,0.7131824236679597,2.5611962330467937,2.429627284759673,1.23130974892699,2.279138307733734,1.3262847301169376,1.0524504272890398
2014-11-01,AdaBoost,0.19038907064629507,0.27930483716050214,0.09789649088059159,0.16200471431149446,0.05614996508849226,0.0958773068544243,0.000929352809075292,0.003495328197217335,0.024366719284862115,0.08958621476704547
2014-11-01,LinearRegression,1.0584036954675409,1.2876952132030903,1.4375361267469626,0.8290249098009286,2.391660445592965,2.1462993469209892,1.3959980252121693,2.0812143121084,1.3929772439488906,1.0566033730312019
2014-12-01,AdaBoost,0.20513735856489237,0.20703890136575967,0.12416478262963107,0.009878351495061834,0.0015823041062132859,0.10030472828589466,0.2754984892483115,0.0053862718897170385,0.01737439468526761,0.053634417729251004
2014-12-01,LinearRegression,0.8644084864588706,1.1930233554503462,1.4915677498101145,0.5151631326256261,2.806886713435739,2.3082130752959387,1.5110060625968302,2.418851909014435,1.6427456266788083,0.9537748799852345
2015-01-01,AdaBoost,0.007097196928458196,0.020119111443690933,0.31824765932871163,0.021612518840467027,0.08522826325892388,0.18391401094726367,0.3212183511340417,0.007566818372134796,0.02607410788426134,0.008921961862046756
2015-01-01,LinearRegression,1.0163432384605475,1.178285610623183,1.3567596409055989,0.8152838323753572,2.3643261973953833,1.9142007813549256,1.6483490616735612,1.8493808165945562,1.5194815222633669,1.055111508348514
2015-02-01,AdaBoost,0.008525876537927284,0.20705415038798547,0.027541076237453804,0.1035002178842534,0.012554006671221868,0.20596505957870975,0.1437112889898979,0.07148130007540418,0.02903802765215796,0.1906289959849883
2015-02-01,LinearRegression,0.0,1.0794999952441648,2.1597825787416887,-0.0,4.8478260144871195,3.586653439706383,1.9033728600249484,3.449353319065772,2.4027803852287613,0.0
2015-03-01,AdaBoost,0.38432395998536356,0.16813754338882786,0.06386991364691473,0.0038121286073348015,0.2744551378354362,0.007926048089521466,0.06091995686392323,0.0037074762161444915,0.03070495830172482,0.0021428770648088606
2015-03-01,LinearRegression,0.8885289241073436,1.1595153590159033,1.5820756675934233,0.8591036664358759,2.4340022243203414,2.065295526733103,1.7081610346471956,2.0945175117979886,1.5566044278247817,1.1310427504731484
2015-04-01,AdaBoost,0.168682665235128,0.016103959032461746,0.40491628213791236,0.0017468958733503888,0.06157224973594947,0.15302628641634816,0.1313270424724736,0.03784469208067693,0.014470985140137536,0.01030894187556174
2015-04-01,LinearRegression,0.0,0.5937473458429613,2.20167256618562,0.0,4.21006006091341,3.4004392690786416,1.4093057580730544,3.0656677223451716,1.9127270440061563,0.0
2015-05-01,AdaBoost,0.0011173659597978713,0.4627153761016027,0.08663060809889418,0.0,0.1738114059605938,0.13751142532000812,0.06914977581780327,0.03171043069928131,0.019820988453200364,0.01753262358881834
2015-05-01,LinearRegression,0.0,1.7414633577888936,2.632251587169443,0.0,4.389489153038408,3.707949778737417,0.48856342721775375,4.024360495906145,0.19642263056335643,0.8485622964816126
2015-06-01,AdaBoost,0.009992163763365721,0.1210495852635437,0.23172594784267794,0.1194695236022144,0.24925453436417394,0.011878462383366506,0.18738275014995456,0.026536473643480753,0.027039539068584337,0.015671019918638195
2015-06-01,LinearRegression,0.0,1.9946068963068049,2.854283635085625,0.0,3.8762452317137255,4.0577408179278835,0.975567184161101,3.8460757242243337,0.0,0.41046041824729
2015-07-01,AdaBoost,0.2518978914511346,0.1014249579225943,0.049339069141208065,0.17112960097699176,0.18787691332616493,8.899204341044687e-05,0.18877304527245994,0.0029057832703303305,0.027519484586448647,0.01904426200925709
2015-07-01,LinearRegression,0.0,1.732491600747567,2.9085960668426054,0.0,3.096188719101911,4.179980504687167,2.020912433119688,3.984124285375758,0.42429964153941324,0.48138111336554684
2015-08-01,AdaBoost,0.019740864871720987,0.2825193937852303,0.0034263147519917854,0.24707311952843203,0.018138873068672297,0.24093973087844736,0.07128824838067294,0.0045134399605954315,0.02212668204435865,0.09023333272987841
2015-08-01,LinearRegression,-0.0,1.5528343468131696,3.4599509393197483,-0.0,3.3016994740703542,5.008019193686766,2.906185351301989,4.315623849100577,0.0,0.0
2015-09-01,AdaBoost,0.02185595988679364,0.08860772485711117,0.12070338346379444,0.18421317057324837,0.2822894039048217,0.05892842727458525,0.14921315417086478,0.007038826977841415,0.029271009218175742,0.05787893967276363
2015-09-01,LinearRegression,0.0,1.4691941828493995,2.8122034196563694,0.0,3.219514402652773,4.3348699069911785,3.0720870042417676,3.8546963045621236,0.3741339911282962,0.0
2015-10-01,AdaBoost,0.08620628361674557,0.013484048128775834,0.39238410646787486,0.006630199849117835,0.15907754026228316,0.13631250116897944,0.06690587074721602,0.007732188710296728,0.05771262936702463,0.07355463168168597
2015-10-01,LinearRegression,0.0,1.7413859106224676,2.198810637064937,-0.0,3.268708461599863,4.47433052331371,3.559945300238037,3.462734273625233,0.6203159319206947,0.396412858701718
2015-11-01,AdaBoost,0.036415723204670084,0.2712802378352949,0.039013875442302434,0.12620128160774333,0.05258709234798282,0.09565863329528018,0.25505225321294295,0.008038903313304552,0.04526202853256807,0.0704899712079107
2015-11-01,LinearRegression,0.0,2.252808789543813,2.740703357990351,0.0,3.3155317622490212,4.766540239885357,2.9226965313738367,3.945674364364,0.08606582103929586,0.07614872004224016
2015-12-01,AdaBoost,0.014424442495181258,0.19277855055186294,0.15579434099078812,0.0030539196609531,0.28759740186651767,0.19808884976416152,0.03607392364551254,0.005498631899576456,0.07610414476859097,0.03058579435685547
2015-12-01,LinearRegression,0.0,2.519107873450862,1.8127126671705385,0.0,3.0965240960354183,4.483844141229999,2.7045182157486076,3.376071940299826,0.0,0.4964633344187104
2016-01-01,AdaBoost,0.31403457452133376,0.215621039619085,0.23172377588281737,0.0,0.02614911055183424,0.0712689561258139,0.10298454361996749,0.0,0.03556393569186291,0.0026540639872853875
2016-01-01,LinearRegression,0.0,1.956198490741119,1.4554740304712306,0.0,3.1689033132532836,4.336736142899109,2.715010493094386,3.15152251789282,0.0,0.2109858229700463
2016-02-01,AdaBoost,0.2516495063384475,0.0,0.0,0.0,0.014008517335912386,0.22924098823550343,0.4811527759250495,0.0018565188181546525,0.02209169334693242,0.0
2016-02-01,LinearRegression,0.042762691534343394,2.7288148471353177,1.9574458246677986,0.0,3.143568469596907,4.739175141099305,3.2777145924694975,4.126598368850891,0.0,0.07850927969567419
2016-03-01,AdaBoost,0.2808347185204552,0.0,0.08938026331640249,0.001113088438505008,0.2729784435818456,0.30192372821466273,0.021780241143600908,0.01450457257586402,0.017484944208664005,0.0
2016-03-01,LinearRegression,0.0,1.805766262360601,1.7185716295734716,0.0,3.8876481271442622,4.369419561801179,3.4388743675293276,3.743306157209391,0.0,0.0
2016-04-01,AdaBoost,0.3104881088303495,0.007932970916135531,0.0009816720770940755,0.30252692272614135,0.3310048592650402,0.008076288288084163,0.02322009862509756,0.0,0.01197700061966846,0.003792078652389192
2016-04-01,LinearRegression,0.26283095709222865,1.9296309400197265,1.7623409451084384,0.0,3.8814340077575915,3.3211324284453108,2.9991497139883494,3.4462186417489216,0.31703055252071055,0.2811471059334971
2016-05-01,AdaBoost,0.06904469751160743,0.0,0.2290543379466099,0.34115799319198675,0.13715321818290668,0.1878832620825553,0.026839142614113184,0.0,0.003488255903665369,0.005379092566555356
2016-05-01,LinearRegression,0.7011441951537817,1.3662718394996403,1.3030508305271706,0.682887941695672,2.626473809262129,2.6904722614762178,2.551895132586095,2.2010645843831584,1.4540412723503096,0.9192497873969977
2016-06-01,AdaBoost,0.002369685890241509,0.0037259478380085274,0.1706255140429627,0.0,0.6419507307319189,0.14335301460394947,0.02471174017457931,0.005390119613800622,0.0,0.00787324710453901
2016-06-01,LinearRegression,0.8371004832908152,1.2081037462840645,0.9704652812957288,0.7977666954258406,2.262648294582662,1.974459534122386,2.2646967249245695,1.7985487289308253,1.4374091694062898,1.0644353483771336
2016-07-01,AdaBoost,0.0,0.18702593229939107,0.5544909549874681,0.1918072965261262,0.010609394171397836,0.0011575452722883107,0.0501783208244634,0.0,0.003221781074588314,0.0015087748442766883
2016-07-01,LinearRegression,0.1005707353684592,2.1015334196629243,0.7673722269168289,-0.11073514151381587,5.027646102981252,3.0290388357827935,3.842881527763177,3.426398895917719,2.015670818296595,0.0
2016-08-01,AdaBoost,0.033316387412315226,0.2546201056748944,0.0914226969171,0.09996745819775125,0.00954738704762471,0.02945986878914098,0.1693614895061739,0.0022330824169469496,0.0028259130968982943,0.30724561094115427
2016-08-01,LinearRegression,0.18730908356136866,1.9406710228867354,0.668667927064325,0.0,4.63172009102676,2.2550298795396326,2.573452143392098,3.0938560787751825,1.3722390208486872,0.6257897589169837
2016-09-01,AdaBoost,0.14749685542165755,0.00023410766131667286,0.10294371874579011,0.31882966208272123,0.15142644383914383,0.2652805481423791,0.0062936177843023475,0.002204787648121123,0.004769767301979342,0.0005204913725885751
2016-09-01,LinearRegression,0.9280224245706441,1.2705722326980216,0.855307486738094,0.8216373191257905,2.36787695377653,1.671376322567767,1.9497971616513026,1.7871049989661263,1.34357898412713,1.2105412234695683
2016-10-01,AdaBoost,0.0057096879027067025,0.0011780775350318802,0.45046569422738586,0.00168706642197436,0.00487051364456692,0.11636989989435989,0.13242155432500743,0.0034230386056770088,0.2749743971447524,0.008900070298537467
2016-10-01,LinearRegression,1.0636172891626532,1.6411824008222216,1.0404046244867513,0.4786309195305409,2.854669098875146,2.1301449220039546,1.6509946461340275,2.3072083958504788,1.6325322614657698,1.2121867502419945
2016-11-01,AdaBoost,0.08085911484426632,0.08316650517330863,0.005086539190742357,0.25104861463852446,0.16523284076274003,0.25699678104128876,0.1412889282442057,0.0,0.00890403717795057,0.007416638926973156
2016-11-01,LinearRegression,1.0776892566063414,1.5453059177824475,1.0628250148472718,0.8699997065789794,2.5024500027551917,1.9837632984167515,1.9055777081218026,1.98745793892677,1.5179809791958296,1.328718798152594
2016-12-01,AdaBoost,0.037365535040930216,0.0,0.0,0.0,0.3761280904149628,0.0025420270837328784,0.24846696608566687,0.006849490028415374,0.3132271517883468,0.015420739557945087
2016-12-01,LinearRegression,1.1722216050050605,1.721325171851239,1.3263128171178744,0.834655528754162,2.722281035001028,2.161617537593648,1.7066507051218098,2.1720642509506334,1.716870851853559,1.4131627486330727
2017-01-01,AdaBoost,0.27806555991587917,0.037312913380673295,0.4896442319937147,0.001892441749551792,0.010151370873471807,0.011772009854842353,0.15416615374482082,0.0,0.0022605801005940772,0.014734738386452019
2017-01-01,LinearRegression,1.2127258272338686,1.6161133679600905,1.1896271249493622,1.1126049203711514,2.201096689184304,1.4904137266270898,1.5022544780842604,1.59028007033252,1.6636555060639122,1.4601303052111412
2017-02-01,AdaBoost,0.08278368298939152,0.004906952649798685,0.0017638313416475366,0.06458755655135796,0.0,0.12716718714628886,0.0036681829760411722,0.010421858151102224,0.5706971425928793,0.13400360560149274
2017-02-01,LinearRegression,1.1732447606357108,1.6744121529063847,1.2959019140456822,1.0202962945982261,2.2475170266206326,1.4778883539160117,1.350097551105644,1.6697116328267947,1.7186488492788712,1.4670312110116686
2017-03-01,AdaBoost,0.1807671607506647,0.00860647567436855,0.23424974549822702,0.1447788402785768,0.04530785316549209,0.08922903236835106,0.001341598588121575,0.00930716845453413,0.2750340949714002,0.011378030250263882
2017-03-01,LinearRegression,0.9390881061362495,1.9780757399058797,0.9335357071860172,0.8973054515940013,2.4821180147620177,1.4716478795312973,1.5873821366650769,1.7674784600178728,1.9150625407861148,1.4921692451618824
2017-04-01,AdaBoost,0.0,0.05922484085848773,0.0013163441261330692,0.009302372925281722,0.3022653436927495,0.006194276959498919,0.0021852118941635456,0.0234868236992046,0.3477240978881545,0.24830068795632648
2017-04-01,LinearRegression,0.9514147448547589,1.547996778370656,1.0654171111772646,1.0066661479732608,2.0428847623487103,1.5927584348063966,1.7435847643808224,1.8121274002977195,1.587252882678198,1.3688829807595584
2017-05-01,AdaBoost,0.004108685222802621,0.00015765521163802287,0.07106807929338275,0.006412147155532151,0.010176655070308753,0.23498115581144377,0.003314402111864528,0.0032352710487573147,0.5030561234598228,0.1634898256144474
2017-05-01,LinearRegression,0.8222883176322129,1.298288825598262,1.0387191503153357,1.0518086899634413,1.9043242298976282,1.772314345690447,1.9010405551693736,1.8499764324286412,1.4100690810255567,1.1067353966999922
2017-06-01,AdaBoost,0.0023481164455431813,1.2603535189805131e-05,9.545627323841108e-05,0.010619122515221553,0.008513675382503255,0.004524434072772695,0.004316923961541482,0.007979536243576517,0.9531555685910199,0.008434562979393209
2017-06-01,LinearRegression,0.6929082312802956,1.2437560347106527,1.1669566944141068,0.9897909468278419,1.966169767640499,1.9563200866298698,2.064790033820908,2.1492749973230323,1.4212730153371584,1.0874163633059086
2017-07-01,AdaBoost,0.002158118530823284,0.0003857457415156667,0.19815825743068705,0.013074539951410332,0.009266754504380945,0.021040712648642757,0.005719722927177823,0.008704992035604103,0.7385642185931633,0.0029269376365945996
2017-07-01,LinearRegression,0.6293334059354877,1.7265423388817496,1.426928317301934,1.1945702884161875,2.003703309313515,2.0482269194897387,1.9339469496237727,2.508510376536481,1.6596913819022878,1.2049465952541694
2017-08-01,AdaBoost,0.00025289527180503735,0.00011989824141502157,0.30844021458819326,0.01207107068538821,0.009891199598493388,0.0004108096236531332,0.003776496985948082,0.011671044196587729,0.6502139415896128,0.0031524292189033173
2017-08-01,LinearRegression,0.8869213945639943,1.4306363548029446,1.2373753668140157,1.1742479953859857,1.7249790231673332,1.8575613600410872,1.7187192381830796,1.8713190005093527,1.5004137297381637,1.1455332751609015
2017-09-01,AdaBoost,0.12156911099062097,0.03400736728370947,0.003400395442763253,0.1778842793404762,0.20652523919250373,0.018112578816751858,0.42834047674145465,0.0022265354526728736,0.00793401673904681,0.0
2017-09-01,LinearRegression,0.8007084640044857,1.257062306970085,1.1716895252317556,0.9486757033237482,1.7713001342227106,2.314722314244029,1.8899514589262996,1.8963296929699482,1.3516498559295733,0.9425333223540694
2017-10-01,AdaBoost,0.0037022750041689387,0.08564876419075243,0.12499680011506681,0.2450131127291402,0.19725453522482328,0.019720471813882767,0.30757354830753253,0.0015118202643146905,0.009759280505217224,0.004819391845101134
2017-10-01,LinearRegression,0.786711627154008,1.3480201915948182,1.3243181695924096,1.0098303525523127,1.8811892046500331,2.163166247673858,1.9367389657635241,2.017808150662929,1.378844332902768,1.0283862861290858
2017-11-01,AdaBoost,0.33365625537695043,0.004855478482103645,0.0026956820577918343,0.23753979188042007,0.21037693379461353,0.07235222611338052,0.11685151323125946,0.0,0.006483902458005471,0.01518821660547513
2017-11-01,LinearRegression,0.6885394469114756,1.2607689474666703,1.2197998175234155,0.8997039127149381,1.7669224105278565,2.536337258975933,1.921680674871902,2.0522912294104745,1.4127786071086308,0.9385113832384745
2017-12-01,AdaBoost,0.026823337627181525,0.011137352684187639,0.09216736622235126,0.014766308916164367,0.5458479988700097,0.30161525750544665,0.0016167762291778344,0.0,0.0060256019454809585,0.0
2017-12-01,LinearRegression,0.0,2.5027455687107945,1.5901918308313023,0.0,2.6256841764441954,4.509879846455622,2.7860046476877223,4.803848025330391,0.5485404507070503,0.0
2018-01-01,AdaBoost,0.43291559530706225,0.28372067790187283,0.010441102841611944,0.006390285797541259,0.07806511776192683,0.03267359002341159,0.1332288587756717,0.007193817385441367,0.00978943792839237,0.0055815162770678295
2018-01-01,LinearRegression,0.8010868643054461,1.0608528972727111,1.243298769558292,0.8156073193996219,1.7857936838300539,2.3826159507565694,1.705141892390736,2.3637263987643973,1.5116011330712458,0.9010922217604633
2018-02-01,AdaBoost,0.14329795124421796,0.21652253642899383,0.28673975840867394,0.04961676927646525,0.23911706086988896,0.0026758365324329636,0.025842851312241868,0.011217335911569962,0.015580757241505986,0.009389142774009289
2018-02-01,LinearRegression,0.0,2.218919868066206,1.9601040394276232,-0.0,2.4891732055031315,4.697910948716891,1.3773135121800133,5.38437496608607,1.2072411225513002,0.0
2018-03-01,AdaBoost,0.043565979046205,0.18621418987535418,0.07988678401036735,0.05191414690088208,0.34438692081016037,0.15897736659680467,0.10907462760637086,0.0092481607189387,0.01671928988748175,1.2534547435083344e-05
2018-03-01,LinearRegression,0.0,1.8143011982896309,1.6404422936180747,0.0,2.445429517407145,4.8727302009893245,0.5547579480526826,5.136787936728986,1.1082364208301927,0.0
2018-04-01,AdaBoost,0.14222242772527313,0.028486202929299494,0.27501829570655356,0.29006554899151404,0.20886142609127364,0.005822389440039142,0.014322087955567301,0.012702481726537691,0.016274542427383503,0.006224597006558401
2018-04-01,LinearRegression,0.17916839279113309,3.792456488610201,1.6522013596132799,-0.0,2.89812654390554,5.660804419764611,0.7790251326212382,5.799610566066614,0.016842220277409458,-0.0
2018-05-01,AdaBoost,0.2726848041133741,0.04322064699336401,0.21939136424620362,0.02968610143004667,0.0211117540928919,0.390275662052562,0.001184742756040536,0.008094169959708446,0.01003449232198312,0.004316262033825718
2018-05-01,LinearRegression,0.9948511110425144,1.342617461881799,1.1647941099179817,0.7242027734075337,1.737694898389497,2.598197763798991,1.344274829820204,1.8475041987435747,1.4103954151371014,0.9165047488245589
2018-06-01,AdaBoost,0.01462251668112946,0.0,0.013018794567323173,0.352952733440844,0.14856065554859138,0.26537936714781113,0.17808509217793017,0.013031501326180552,0.008091579801864712,0.006257759308325456
2018-06-01,LinearRegression,1.0082043998027796,3.0233792365166896,1.1027800615147039,0.0,3.175659806244089,5.4805510198132374,0.0,3.4093419849196986,1.3900420177038086,0.0
2018-07-01,AdaBoost,0.16949278155141134,0.20077242248845853,0.123115603441412,0.09100217728117767,0.021115039724680273,0.14998163902518877,0.2131041396818767,0.00747094961502601,0.016659062364299124,0.0072861848264697176
2018-07-01,LinearRegression,1.1398635645752266,1.590315371707115,1.2060649527795657,0.13321889482007476,2.2598522650482877,3.223033842332988,1.1503031892225022,2.2308063064030597,1.5854344108388287,0.9343056514353146
2018-08-01,AdaBoost,0.26628238869253446,0.07268654069125433,0.15372897317667247,0.018787372756591772,0.05374060268886375,0.15816289346666698,0.2501726931029478,0.009949194217535677,0.00914865991675079,0.00734068129018185
2018-08-01,LinearRegression,1.0210934706107007,1.4185311133359244,1.2979322345340827,0.4134813157224489,2.0783671310695833,2.7506283417878987,1.2744571461026735,2.16907144089983,1.5178728205871448,0.9921019490916362
2018-09-01,AdaBoost,0.424619711023949,0.008062102746336983,0.0038930709505687515,0.17627047033644505,0.17678928789755313,0.1310348329321952,0.05345907573967339,0.009142590104838024,0.012707437050229578,0.004021421218210869
2018-09-01,LinearRegression,1.0289995139834347,1.4804664433136778,1.331372647811262,0.39087255628384937,2.1115212793469187,2.866921077659695,1.103882483223369,2.236951304808583,1.4543619627285278,1.0282607063769178
2018-10-01,AdaBoost,0.0010917198698111568,0.053723742131086834,0.11754849139414886,0.15731672869546212,0.2422062856469852,0.04764840826234329,0.0074408243913944095,0.004123443353087374,0.35482274258669794,0.014077613668982795
2018-10-01,LinearRegression,0.8892708597223853,1.1903715698542732,1.2026031406863766,0.33811345176488106,1.846224493246777,2.873114286135159,1.2146008819564076,2.0837627220081534,1.3673886050174264,0.990939628095276
2018-11-01,AdaBoost,0.10444759012480913,0.20624235491752688,0.0042517215737058744,0.0932682163981974,0.010139806029018615,0.18210483442999495,0.07736356102635668,0.27157100883572916,0.0451384927582202,0.0054724139064412074
2018-11-01,LinearRegression,1.0151011356489794,1.2845845954012243,1.208031030658244,0.4793624696835411,2.0375439989573336,2.5629132938672186,1.325690354036122,2.013016615745849,1.2628182513090385,1.0793769509330506
