DATE,MODEL,IC,T
2004-11-01,AdaBoost,0.3205446971097506,1.703083324347574e-29
2004-11-01,CTEF,0.3467964795221541,2.609842431672452e-34
2004-11-01,DecisionTree,0.3061954897758607,1.2685840744320244e-74
2004-11-01,KNN,0.3024392150001315,5.242642999490558e-26
2004-11-01,LinearRegression,0.3155237556734403,2.6524247838911433e-28
2004-12-01,AdaBoost,0.2551766131634256,4.233736243806427e-19
2004-12-01,CTEF,0.2433127462200127,3.0711593458595497e-17
2004-12-01,DecisionTree,0.2598729021471462,6.65013336325512e-24
2004-12-01,KNN,0.3148638911355465,1.760137304450039e-28
2004-12-01,LinearRegression,0.249948134090175,3.918877242324037e-18
2005-01-01,AdaBoost,0.347786382416005,1.3220926819559242e-35
2005-01-01,CTEF,0.4838774529345816,6.190780042640817e-71
2005-01-01,DecisionTree,0.3097282824680196,2.2545093440828038e-80
2005-01-01,KNN,0.3218850676557584,1.492078252866624e-29
2005-01-01,LinearRegression,0.4164131714218591,1.1926501991118612e-50
2005-02-01,AdaBoost,0.3919067838923671,1.095639528397573e-46
2005-02-01,CTEF,0.3777778069388279,7.681570471474265e-42
2005-02-01,DecisionTree,0.3083505693066399,3.907204321884982e-81
2005-02-01,KNN,0.360510192697701,6.590968485155867e-38
2005-02-01,LinearRegression,0.3606328663038181,6.199988114258991e-38
2005-03-01,AdaBoost,0.3502100203289474,9.998655146578338e-36
2005-03-01,CTEF,0.2834802507242538,3.224272340637651e-23
2005-03-01,DecisionTree,0.3135274800244212,7.28402819422845e-84
2005-03-01,KNN,0.326834080000409,7.908432149840078e-31
2005-03-01,LinearRegression,0.3774571358335635,1.5604455500359395e-41
2005-04-01,AdaBoost,0.3019149193381329,5.9467752796137086e-27
2005-04-01,CTEF,0.3047001133066163,4.279409512015747e-27
2005-04-01,DecisionTree,0.305005317356524,1.0896299065910418e-79
2005-04-01,KNN,0.3833362866842447,1.9265087416702644e-43
2005-04-01,LinearRegression,0.3506501242659686,4.933418563052335e-36
2005-05-01,AdaBoost,0.2774766418284832,9.701653689155932e-23
2005-05-01,CTEF,0.2857039529455389,7.325958604484622e-23
2005-05-01,DecisionTree,0.3034828272920434,6.275042515672981e-75
2005-05-01,KNN,0.2804763076950889,4.855785847595749e-22
2005-05-01,LinearRegression,0.2440771750397188,6.950090557201399e-17
2005-06-01,AdaBoost,0.4095494154254059,1.7104553819375842e-50
2005-06-01,CTEF,0.3701164187599601,7.811076168115927e-40
2005-06-01,DecisionTree,0.39248856069167,3.794805133350364e-50
2005-06-01,KNN,0.3896677711282557,2.1396778232134893e-44
2005-06-01,LinearRegression,0.3132408316373262,2.873597263946999e-28
2005-07-01,AdaBoost,0.2611586437015821,2.1235867219022514e-20
2005-07-01,CTEF,0.3026724522500467,1.0401240523241866e-26
2005-07-01,DecisionTree,0.29654406269978,7.40566086399342e-75
2005-07-01,KNN,0.3319477198350589,3.6147807598175126e-32
2005-07-01,LinearRegression,0.2004900171175,3.289123962976639e-12
2005-08-01,AdaBoost,0.3034521923984575,1.6298526061448495e-27
2005-08-01,CTEF,0.3402005412436062,6.327423101763668e-34
2005-08-01,DecisionTree,0.3109024959891556,6.5435807678976e-81
2005-08-01,KNN,0.3484608218065737,1.2618332980269978e-35
2005-08-01,LinearRegression,0.3006640206590643,2.0439961878774774e-26
2005-09-01,AdaBoost,0.3975460695201698,3.883768710174242e-47
2005-09-01,CTEF,0.3968149538368277,1.8609651395122514e-46
2005-09-01,DecisionTree,0.3174430610491989,5.3456886655783665e-84
2005-09-01,KNN,0.3909608106787887,5.502031153042957e-45
2005-09-01,LinearRegression,0.3595909324907542,1.0270652303213988e-37
2005-10-01,AdaBoost,0.2535995428351628,2.2348646600647304e-19
2005-10-01,CTEF,0.2873175320263075,2.209890917897328e-24
2005-10-01,DecisionTree,0.3106206111536844,1.2333917194648439e-81
2005-10-01,KNN,0.27419065516653,3.115745421587188e-22
2005-10-01,LinearRegression,0.2574247076808372,1.1219563220977704e-19
2005-11-01,AdaBoost,0.3653999220554187,2.083016218759586e-40
2005-11-01,CTEF,0.2987862182146409,8.458395678360635e-26
2005-11-01,DecisionTree,0.3710380112255951,1.5248110002707034e-66
2005-11-01,KNN,0.2691413033296648,5.202022785076937e-21
2005-11-01,LinearRegression,0.2488176924860864,4.521595536965245e-18
2005-12-01,AdaBoost,0.3922975920337929,5.4110078167430216e-46
2005-12-01,CTEF,0.3396741938299449,1.6850206824988296e-33
2005-12-01,DecisionTree,0.3102849078370533,5.6240971161131155e-80
2005-12-01,KNN,0.3208404303145241,8.269499537464382e-30
2005-12-01,LinearRegression,0.2610583634534378,7.516500317803271e-20
2006-01-01,AdaBoost,0.43350112805371,7.21031873730426e-57
2006-01-01,CTEF,0.3405468280439542,2.739026471659015e-33
2006-01-01,DecisionTree,0.30946818765738,8.967197506535475e-79
2006-01-01,KNN,0.3073333792695997,4.933249365889513e-27
2006-01-01,LinearRegression,0.3138315689941118,3.440756478150633e-28
2006-02-01,AdaBoost,0.1939241913089326,1.7403742636208883e-11
2006-02-01,CTEF,0.3041241266083687,9.223753632893072e-27
2006-02-01,DecisionTree,0.3091962458443171,1.7000716954289657e-79
2006-02-01,KNN,0.236195186726286,2.153600607293782e-16
2006-02-01,LinearRegression,0.2875034499540013,6.326336746176791e-24
2006-03-01,AdaBoost,0.3793814078409137,3.066411581203368e-42
2006-03-01,CTEF,0.286985374942961,1.2719771783046949e-23
2006-03-01,DecisionTree,0.3137730471122095,4.6852239098434715e-81
2006-03-01,KNN,0.413471341816013,4.106809308549226e-50
2006-03-01,LinearRegression,0.3009555133256401,6.228296165187866e-26
2006-04-01,AdaBoost,0.3335732104426758,2.8163877353318705e-32
2006-04-01,CTEF,0.4025342838433565,5.096023025364802e-47
2006-04-01,DecisionTree,0.3207248376483813,2.03776863357982e-47
2006-04-01,KNN,0.3221511097924598,1.5372459576120717e-29
2006-04-01,LinearRegression,0.3422328862632516,2.066581105343848e-33
2006-05-01,AdaBoost,0.2250440638161185,4.694519768626851e-15
2006-05-01,CTEF,0.3135938168439527,2.8334573683610908e-28
2006-05-01,DecisionTree,0.3152237625401847,2.669241285626241e-82
2006-05-01,KNN,0.2698955150685006,5.192577826564681e-21
2006-05-01,LinearRegression,0.3275103409773128,7.575727250192782e-31
2006-06-01,AdaBoost,0.3423019891374338,3.895530278088089e-34
2006-06-01,CTEF,0.3536677941573517,3.8834204694228593e-36
2006-06-01,DecisionTree,0.3179595776819598,1.3006664014204306e-83
2006-06-01,KNN,0.3116552447371611,6.751432607546288e-28
2006-06-01,LinearRegression,0.3886643850874524,4.817526932072938e-44
2006-07-01,AdaBoost,0.285349241980194,2.382849522196637e-24
2006-07-01,CTEF,0.3150396713943278,2.8011174333751556e-29
2006-07-01,DecisionTree,0.3094783824567831,3.634342743669868e-80
2006-07-01,KNN,0.2872843545370404,2.447254569124112e-24
2006-07-01,LinearRegression,0.3962406858822717,3.4109028543656754e-47
2006-08-01,AdaBoost,0.1701162166334127,2.651721536123714e-09
2006-08-01,CTEF,0.1585970833376048,4.9886419994017223e-08
2006-08-01,DecisionTree,0.297905304124973,2.86306708679492e-76
2006-08-01,KNN,0.2412109315693938,5.472862587688902e-17
2006-08-01,LinearRegression,0.215110291017617,9.967242109955281e-14
2006-09-01,AdaBoost,0.2330265182912835,2.2880420468512353e-16
2006-09-01,CTEF,0.2546042102524834,1.2143009830305577e-18
2006-09-01,DecisionTree,0.298336213076997,1.6366195777986734e-75
2006-09-01,KNN,0.3123823734112046,8.672259806526859e-28
2006-09-01,LinearRegression,0.3460400480098982,3.3846708221296715e-34
2006-10-01,AdaBoost,0.2531463264282707,2.497289472803394e-21
2006-10-01,CTEF,0.2814602785077499,2.9364956072310654e-23
2006-10-01,DecisionTree,0.2944769543598297,1.4006561826321044e-75
2006-10-01,KNN,0.2648503225812769,1.1867420053320085e-20
2006-10-01,LinearRegression,0.2748937802284233,3.372044226995676e-22
2006-11-01,AdaBoost,0.3249318531184926,1.1675929106516387e-32
2006-11-01,CTEF,0.2887910758635769,3.118128448674856e-24
2006-11-01,DecisionTree,0.3029452876708402,2.000794801020739e-79
2006-11-01,KNN,0.3399434804715792,1.31033607402508e-33
2006-11-01,LinearRegression,0.243829034687879,1.8104261174726906e-17
2006-12-01,AdaBoost,0.3593912953990148,6.378911757331188e-39
2006-12-01,CTEF,0.3155623149320096,6.064289829709464e-29
2006-12-01,DecisionTree,0.2860427835286703,6.734844728991852e-70
2006-12-01,KNN,0.2312753896573054,7.850957914009465e-16
2006-12-01,LinearRegression,0.4119149570477816,1.9150129406383338e-50
2007-01-01,AdaBoost,0.255288527470942,2.6799012277619826e-19
2007-01-01,CTEF,0.2534290336672171,1.4269346761711173e-18
2007-01-01,DecisionTree,0.2942228002376348,2.407372493126174e-75
2007-01-01,KNN,0.3130289117546274,4.650440548803858e-28
2007-01-01,LinearRegression,0.2191027521130793,3.9499640399970046e-14
2007-02-01,AdaBoost,0.334203874326666,2.451941792427599e-35
2007-02-01,CTEF,0.3051512721407563,1.1282755242056247e-26
2007-02-01,DecisionTree,0.2957258906019493,1.2512471920976724e-77
2007-02-01,KNN,0.2910934849527209,2.798128250432143e-24
2007-02-01,LinearRegression,0.3167810067543998,9.903542056345375e-29
2007-03-01,AdaBoost,0.3071192721776167,1.031532682046302e-28
2007-03-01,CTEF,0.3305617090420103,1.164483378022554e-31
2007-03-01,DecisionTree,0.2886868569094625,1.4605614202594306e-74
2007-03-01,KNN,0.3029352572204702,1.532164583917244e-26
2007-03-01,LinearRegression,0.3138605659878462,1.7205753385706763e-28
2007-04-01,AdaBoost,0.2723197148920395,9.615980437768469e-22
2007-04-01,CTEF,0.3300193910310852,3.6589819320396845e-31
2007-04-01,DecisionTree,0.3174117243469529,5.156604585624995e-35
2007-04-01,KNN,0.2629337258289811,7.117298599000021e-20
2007-04-01,LinearRegression,0.2751755894807349,1.056100173880643e-21
2007-05-01,AdaBoost,0.3080241763852048,1.295621329279493e-27
2007-05-01,CTEF,0.3331675978640442,1.850826707417226e-31
2007-05-01,DecisionTree,0.2919840777997626,3.224783735762121e-74
2007-05-01,KNN,0.304664658734697,2.9105928467932576e-26
2007-05-01,LinearRegression,0.2939673835938321,1.820660441014936e-24
2007-06-01,AdaBoost,0.3014453467680064,4.303173363143311e-26
2007-06-01,CTEF,0.3517845618293702,5.873371694382343e-35
2007-06-01,DecisionTree,0.2870390043313022,1.6199526579311017e-70
2007-06-01,KNN,0.3232307229336237,2.1512792770167727e-29
2007-06-01,LinearRegression,0.311368965239204,2.8873654687364128e-27
2007-07-01,AdaBoost,0.3019832423320951,1.5225100896964992e-26
2007-07-01,CTEF,0.3250007554476136,7.748135014852516e-30
2007-07-01,DecisionTree,0.2443361778677153,1.1789219365815633e-22
2007-07-01,KNN,0.3542815146819431,1.4107310989416865e-35
2007-07-01,LinearRegression,0.2641771870877444,8.158661082815559e-20
2007-08-01,AdaBoost,0.2105269494117158,7.568939375894314e-14
2007-08-01,CTEF,0.3029573281341717,2.057406625430686e-27
2007-08-01,DecisionTree,0.2910974596638783,1.4388290331771563e-77
2007-08-01,KNN,0.2272012548301283,1.00319712246376e-15
2007-08-01,LinearRegression,0.2856774081861666,2.1732556223591794e-24
2007-09-01,AdaBoost,0.3699958873368253,4.739657755696285e-42
2007-09-01,CTEF,0.3858727598111953,1.2282627069952013e-45
2007-09-01,DecisionTree,0.3235946718972194,3.694000331552287e-42
2007-09-01,KNN,0.3633575415970477,3.5497808408359748e-40
2007-09-01,LinearRegression,0.2925248834119094,7.728874042830284e-26
2007-10-01,AdaBoost,0.4086262827097682,4.044703504759266e-52
2007-10-01,CTEF,0.3020059734750152,1.2989300716135419e-27
2007-10-01,DecisionTree,0.2903970351069756,1.3406886089547502e-75
2007-10-01,KNN,0.3951323119785208,3.983593355887703e-48
2007-10-01,LinearRegression,0.3128974417137219,1.2372365209540299e-29
2007-11-01,AdaBoost,0.3317063973513888,2.545002903302026e-33
2007-11-01,CTEF,0.3846595369587234,1.6782664547520557e-44
2007-11-01,DecisionTree,0.301185770750988,1.0105896062962722e-80
2007-11-01,KNN,0.3908006217615531,5.196691321648873e-46
2007-11-01,LinearRegression,0.4158503642042701,1.3133784850201255e-52
2007-12-01,AdaBoost,0.4952019802710078,9.3344482718176e-79
2007-12-01,CTEF,0.386333868872849,1.8319530382611e-44
2007-12-01,DecisionTree,0.2921295944378214,4.8413543400151635e-76
2007-12-01,KNN,0.39021624357525,2.099764327713856e-45
2007-12-01,LinearRegression,0.4276228445419052,2.351920856992339e-55
2008-01-01,AdaBoost,0.0922717703715901,0.0011060408972449
2008-01-01,CTEF,0.2208698816093597,6.9460947915738106e-15
2008-01-01,DecisionTree,0.2381833332884752,1.3470718730545442e-22
2008-01-01,KNN,0.1724873509965536,1.524001263325761e-09
2008-01-01,LinearRegression,0.1911801906333514,1.9308267525795864e-11
2008-02-01,AdaBoost,0.4557910849050738,6.648166592791108e-67
2008-02-01,CTEF,0.3954211357845548,3.1776774236381612e-46
2008-02-01,DecisionTree,0.3751071265705943,2.88949609284914e-56
2008-02-01,KNN,0.3554253898110298,6.53785950760367e-37
2008-02-01,LinearRegression,0.2558701873950806,3.482145285202093e-19
2008-03-01,AdaBoost,0.312537385736084,3.5310958479866336e-29
2008-03-01,CTEF,0.3377332003940956,1.2533155899077807e-33
2008-03-01,DecisionTree,0.2938108691047604,3.494761515414138e-77
2008-03-01,KNN,0.3344938556254125,5.865910143540537e-33
2008-03-01,LinearRegression,0.4020450721199321,1.7952099215856558e-48
2008-04-01,AdaBoost,0.2938002977090346,5.684540211761482e-26
2008-04-01,CTEF,0.2854478922630143,5.0827225398609755e-24
2008-04-01,DecisionTree,0.2933540370602508,6.17908437646398e-77
2008-04-01,KNN,0.3417025207255592,1.801620986526344e-34
2008-04-01,LinearRegression,0.2172865980098801,2.814547499874589e-14
2008-05-01,AdaBoost,0.3485036594241027,3.45594438902348e-35
2008-05-01,CTEF,0.4122275662735308,1.0282040706467704e-49
2008-05-01,DecisionTree,0.2959941600195862,1.611859993881395e-76
2008-05-01,KNN,0.3345063265147292,4.631994023558307e-32
2008-05-01,LinearRegression,0.3025880072021906,3.347023320534274e-26
2008-06-01,AdaBoost,0.5440014173005135,1.22513161845561e-106
2008-06-01,CTEF,0.5333303592979537,2.1077849038945982e-94
2008-06-01,DecisionTree,0.2882476991220544,4.377085463642557e-75
2008-06-01,KNN,0.5055385002622353,6.758449335408055e-83
2008-06-01,LinearRegression,0.5070115281114647,1.7923084765904214e-83
2008-07-01,AdaBoost,0.1923159923037121,5.48085970542321e-12
2008-07-01,CTEF,0.1786256197716842,1.9496742199431727e-10
2008-07-01,DecisionTree,0.2472772233571846,2.7140814993375883e-26
2008-07-01,KNN,0.2057146235390232,1.9157522772600705e-13
2008-07-01,LinearRegression,0.230828782301933,1.1999394236194928e-16
2008-08-01,AdaBoost,0.1224791396141684,1.0798260652594273e-05
2008-08-01,CTEF,0.2086009155230056,4.986400867682598e-13
2008-08-01,DecisionTree,0.2879754982402477,3.212001192222612e-66
2008-08-01,KNN,0.1803916194609776,4.79770819876903e-10
2008-08-01,LinearRegression,0.3334150560895038,3.796045965910557e-32
2008-09-01,AdaBoost,0.403862313147879,4.133428312946575e-51
2008-09-01,CTEF,0.1760165653420193,7.962295461698751e-10
2008-09-01,DecisionTree,0.2991739681573681,3.4907258161432564e-78
2008-09-01,KNN,0.2985127845799674,2.3936706378162355e-26
2008-09-01,LinearRegression,0.4540375570606094,9.379644764465209e-64
2008-10-01,AdaBoost,0.4351435867222984,7.54439793795473e-61
2008-10-01,CTEF,0.3200844592249952,9.945673014245362e-31
2008-10-01,DecisionTree,0.2936576395499768,3.9252736929093677e-76
2008-10-01,KNN,0.3962028809637619,6.537034477959195e-48
2008-10-01,LinearRegression,0.4158399708940431,3.2959355010979782e-53
2008-11-01,AdaBoost,0.475622528657824,6.98954436700604e-74
2008-11-01,CTEF,0.3465948008870667,3.060624462108563e-36
2008-11-01,DecisionTree,0.4435085060996979,1.452020009788673e-75
2008-11-01,KNN,0.4077225271981005,4.19965969990485e-51
2008-11-01,LinearRegression,0.4688876927839692,8.144957106010945e-70
2008-12-01,AdaBoost,0.2711151637638412,1.2689739375026414e-22
2008-12-01,CTEF,0.3085130125987966,1.450241585316247e-28
2008-12-01,DecisionTree,0.2930516541419986,8.60443025840276e-31
2008-12-01,KNN,0.2008426623160908,1.4085406598745345e-12
2008-12-01,LinearRegression,0.2810077705146926,1.0210065959219765e-23
2009-01-01,AdaBoost,0.3839028618908474,2.0135240466784376e-44
2009-01-01,CTEF,0.3219271396316012,3.1374626574476322e-30
2009-01-01,DecisionTree,0.3656395414493377,1.8874412227327488e-47
2009-01-01,KNN,0.3431969666439384,1.984168537099524e-34
2009-01-01,LinearRegression,0.2755172382959792,3.5057202191191386e-22
2009-02-01,AdaBoost,0.3926851067487291,3.4362833038230874e-47
2009-02-01,CTEF,0.3182361738748476,5.6089078916716434e-30
2009-02-01,DecisionTree,0.2912079568280324,1.2266261044877938e-73
2009-02-01,KNN,0.3738652312143276,8.624595091670807e-42
2009-02-01,LinearRegression,0.3399172941232475,2.8554637586865387e-34
2009-03-01,AdaBoost,0.205080616259126,4.320790423345242e-13
2009-03-01,CTEF,0.1884042434645102,6.096602796753942e-11
2009-03-01,DecisionTree,0.297426151279447,9.172217251627275e-76
2009-03-01,KNN,0.2468858181976999,5.564973778434968e-18
2009-03-01,LinearRegression,0.2834045214778366,1.7997228953144512e-23
2009-04-01,AdaBoost,0.1636263441917818,8.328779361232947e-09
2009-04-01,CTEF,0.1434284226802401,7.682703621623076e-07
2009-04-01,DecisionTree,0.2999784961651493,1.63064539606873e-76
2009-04-01,KNN,0.2459979423147503,8.956001669529534e-18
2009-04-01,LinearRegression,0.2290269433888641,1.5478699311259509e-15
2009-05-01,AdaBoost,0.3430882721586362,4.430969801844645e-45
2009-05-01,CTEF,0.2891092822339117,2.402203333443062e-24
2009-05-01,DecisionTree,0.3025496696644553,1.5675482743097743e-78
2009-05-01,KNN,0.3023051575082576,1.3727845061627728e-26
2009-05-01,LinearRegression,0.2541130273279928,6.122779032294283e-19
2009-06-01,AdaBoost,0.3734580844852783,2.2866954646826865e-42
2009-06-01,CTEF,0.3665759774904981,9.592086461214216e-40
2009-06-01,DecisionTree,0.2929501717241097,2.110236818434491e-73
2009-06-01,KNN,0.2671365824471712,5.402834934432842e-21
2009-06-01,LinearRegression,0.283201128304088,1.5822551292758044e-23
2009-07-01,AdaBoost,0.2114241874364189,5.9547990016089905e-15
2009-07-01,CTEF,0.2450663936758507,8.766551249742394e-18
2009-07-01,DecisionTree,0.2958607695775993,5.213389514612321e-75
2009-07-01,KNN,0.239844761877359,4.6182848089861076e-17
2009-07-01,LinearRegression,0.3161715031758087,2.93041531632088e-29
2009-08-01,AdaBoost,0.453950401587029,1.3513298675759928e-64
2009-08-01,CTEF,0.2719484402004391,1.7828582424455624e-21
2009-08-01,DecisionTree,0.3115221586013122,8.386467410731782e-80
2009-08-01,KNN,0.2863576562535603,9.588417421356485e-24
2009-08-01,LinearRegression,0.4445844957177896,1.6849319518199225e-59
2009-09-01,AdaBoost,0.3249506738347161,3.554919847674644e-31
2009-09-01,CTEF,0.2140704627044946,1.608856784720376e-13
2009-09-01,DecisionTree,0.315175121700825,7.488276014597678e-81
2009-09-01,KNN,0.2824226319418008,7.571791245689517e-23
2009-09-01,LinearRegression,0.2853951981330631,2.5452548752346402e-23
2009-10-01,AdaBoost,0.2656302183456536,2.137203578270902e-21
2009-10-01,CTEF,0.4136612641901428,5.81757097943733e-50
2009-10-01,DecisionTree,0.270222985042808,1.7765976169835294e-38
2009-10-01,KNN,0.2831084664067335,7.113539198932534e-23
2009-10-01,LinearRegression,0.314760204819675,3.15811882747197e-28
2009-11-01,AdaBoost,0.2483821286614011,1.377224879663046e-18
2009-11-01,CTEF,0.2979910047253799,7.826409492024113e-26
2009-11-01,DecisionTree,0.3094224702536747,1.2304295479680339e-78
2009-11-01,KNN,0.2995025732405149,4.4656058341265116e-26
2009-11-01,LinearRegression,0.3232482035271635,2.1344241391433577e-30
2009-12-01,AdaBoost,0.3208333955436851,4.0429257601148166e-30
2009-12-01,CTEF,0.2502840467342236,5.730879276400608e-18
2009-12-01,DecisionTree,0.3136599856278015,1.2715202276420067e-78
2009-12-01,KNN,0.3148253479271558,4.023479095704679e-28
2009-12-01,LinearRegression,0.222062744926988,2.3816149092901096e-14
2010-01-01,AdaBoost,0.308195316300268,2.96702573684506e-27
2010-01-01,CTEF,0.3321758545745488,4.0782244403872845e-31
2010-01-01,DecisionTree,0.3140543885039275,3.4971527044042666e-79
2010-01-01,KNN,0.2619935828226525,1.8794793619268232e-19
2010-01-01,LinearRegression,0.3302434288369058,9.866178599989182e-31
2010-02-01,AdaBoost,0.243904513370886,1.915966782259691e-17
2010-02-01,CTEF,0.3344390188852164,3.3176292486431187e-32
2010-02-01,DecisionTree,0.3077171042561533,3.8879262147206215e-77
2010-02-01,KNN,0.297135860088868,2.2998626982892818e-25
2010-02-01,LinearRegression,0.2434441713274206,3.064378785460005e-17
2010-03-01,AdaBoost,0.4536583575478187,8.902435264966033e-64
2010-03-01,CTEF,0.2793222264456716,6.40619361385832e-23
2010-03-01,DecisionTree,0.3047600989248162,1.2575137953345351e-77
2010-03-01,KNN,0.3922119669379362,6.9170491866454624e-46
2010-03-01,LinearRegression,0.3593791850767036,3.959060422047404e-38
2010-04-01,AdaBoost,0.4187533988676009,4.5845309438539415e-54
2010-04-01,CTEF,0.2288435840183517,1.910214836223839e-15
2010-04-01,DecisionTree,0.3035942371653362,3.84098922739363e-76
2010-04-01,KNN,0.3721654362137123,1.959007764428173e-40
2010-04-01,LinearRegression,0.3279040485665194,4.141233288190072e-31
2010-05-01,AdaBoost,0.1356769200790845,3.0977920280392203e-06
2010-05-01,CTEF,0.365879620273532,1.4872364092259256e-38
2010-05-01,DecisionTree,0.3111941431461131,3.101335842857395e-79
2010-05-01,KNN,0.2343351721525678,5.899630230089103e-16
2010-05-01,LinearRegression,0.3006540123753631,8.147452711759774e-26
2010-06-01,AdaBoost,0.1273994686757991,1.2046303048614296e-05
2010-06-01,CTEF,0.2970315691652946,2.8703069974277948e-25
2010-06-01,DecisionTree,0.3096869096283003,1.3629784266740314e-78
2010-06-01,KNN,0.3097773559628722,1.8426223445901527e-27
2010-06-01,LinearRegression,0.4046973225696388,7.411323771955698e-48
2010-07-01,AdaBoost,0.3966976822600033,3.5933999546999044e-48
2010-07-01,CTEF,0.3394363405586694,2.053383031978266e-33
2010-07-01,DecisionTree,0.3044306632383197,6.259324815787948e-77
2010-07-01,KNN,0.2894216846401766,3.1390110824817395e-24
2010-07-01,LinearRegression,0.2966087901484981,1.9590039547480256e-25
2010-08-01,AdaBoost,0.1968686326482193,3.945029362776047e-12
2010-08-01,CTEF,0.2669669639542513,3.286970699583005e-21
2010-08-01,DecisionTree,0.3114583563816204,1.378840901037297e-81
2010-08-01,KNN,0.2353085232582937,1.1740221192360142e-16
2010-08-01,LinearRegression,0.3042995958571583,1.9730753845761983e-27
2010-09-01,AdaBoost,0.257127643256188,6.615087105539283e-22
2010-09-01,CTEF,0.3722856556076937,1.7505101608027695e-40
2010-09-01,DecisionTree,0.3157549860011993,7.867667335372367e-82
2010-09-01,KNN,0.273275655888401,1.1428517763234753e-21
2010-09-01,LinearRegression,0.2163624716984777,6.237194094800811e-14
2010-10-01,AdaBoost,0.325653097593011,7.624525990250759e-36
2010-10-01,CTEF,0.3693592136731806,2.7563726938939436e-40
2010-10-01,DecisionTree,0.3084693598690853,2.139512757835307e-78
2010-10-01,KNN,0.3042941990483364,4.4325896412191144e-27
2010-10-01,LinearRegression,0.2511958949019366,1.2698586965182254e-18
2010-11-01,AdaBoost,0.4087142122635426,4.8941737536052584e-51
2010-11-01,CTEF,0.3227269344131422,2.0153703054160247e-30
2010-11-01,DecisionTree,0.3118081026047822,3.755688704006187e-80
2010-11-01,KNN,0.3873262515746763,1.9676484890980682e-44
2010-11-01,LinearRegression,0.2912344731559358,9.072160350958105e-25
2010-12-01,AdaBoost,0.3437292292036128,9.950452937691586e-38
2010-12-01,CTEF,0.2466780413569569,4.165178849978456e-18
2010-12-01,DecisionTree,0.29978131676886,1.030375154639681e-75
2010-12-01,KNN,0.26040965670318,4.3841311674212846e-20
2010-12-01,LinearRegression,0.2421300008654747,1.7753556532817068e-17
2011-01-01,AdaBoost,0.3421451470784123,6.00391082939813e-35
2011-01-01,CTEF,0.277832039825041,2.867393974856007e-22
2011-01-01,DecisionTree,0.3061594206671038,2.3776362497746117e-77
2011-01-01,KNN,0.3148770854760496,1.5693743168915607e-28
2011-01-01,LinearRegression,0.2883585841547931,5.9895552573125496e-24
2011-02-01,AdaBoost,0.3576204242207379,6.421157547179586e-44
2011-02-01,CTEF,0.3628082226030621,2.5422282786100804e-38
2011-02-01,DecisionTree,0.3527855501317398,7.004393254728523e-55
2011-02-01,KNN,0.353603126623017,2.542553666749433e-36
2011-02-01,LinearRegression,0.3141279108223755,1.5953976080867495e-28
2011-03-01,AdaBoost,0.3059369990321874,2.4128958029987907e-40
2011-03-01,CTEF,0.2906343236241908,1.3909565907662036e-24
2011-03-01,DecisionTree,0.3046948959715615,2.153812935048205e-40
2011-03-01,KNN,0.3130346772151379,1.683130491776546e-28
2011-03-01,LinearRegression,0.364321577231502,6.711771024458417e-39
2011-04-01,AdaBoost,0.2887443452727735,5.9295892862449445e-25
2011-04-01,CTEF,0.3244616745647291,6.428674435282331e-31
2011-04-01,DecisionTree,0.306505122168294,3.2010487196923534e-79
2011-04-01,KNN,0.2929282270980631,3.4773889915456946e-25
2011-04-01,LinearRegression,0.3096298548025482,3.9621156441535214e-28
2011-05-01,AdaBoost,0.388016472214678,8.631530195701683e-47
2011-05-01,CTEF,0.2666266088546825,1.514628470651701e-20
2011-05-01,DecisionTree,0.3059106741821098,6.990708361160913e-77
2011-05-01,KNN,0.3492978385338457,3.1230373714478276e-35
2011-05-01,LinearRegression,0.3581784671006907,4.105034452433628e-37
2011-06-01,AdaBoost,0.3705861542523085,8.148262509146349e-44
2011-06-01,CTEF,0.4119425648952585,6.503275139260285e-49
2011-06-01,DecisionTree,0.312042784661619,3.753713767694183e-79
2011-06-01,KNN,0.3398107296039271,1.2464721319746903e-32
2011-06-01,LinearRegression,0.4267641329222349,7.9724579684410705e-53
2011-07-01,AdaBoost,0.3494531687011107,1.675330431384447e-35
2011-07-01,CTEF,0.2691716394440086,6.6808555166030034e-21
2011-07-01,DecisionTree,0.3093050439144056,1.640545216780548e-79
2011-07-01,KNN,0.3088051573520192,2.1574075763620827e-27
2011-07-01,LinearRegression,0.3170597944279706,6.984350717918685e-29
2011-08-01,AdaBoost,0.3832733636765259,1.0057720024119298e-44
2011-08-01,CTEF,0.2832875862556849,1.481557431949674e-23
2011-08-01,DecisionTree,0.3054336380077013,1.501532731015485e-78
2011-08-01,KNN,0.3095980370770024,4.289613637631093e-28
2011-08-01,LinearRegression,0.5311534809630428,2.5856211095317165e-91
2011-09-01,AdaBoost,0.4501682800600004,1.1793226788633353e-63
2011-09-01,CTEF,0.3042591400251665,4.458182396089905e-27
2011-09-01,DecisionTree,0.3026249874024441,1.8515101156659914e-76
2011-09-01,KNN,0.4060658126341252,2.741875410808304e-49
2011-09-01,LinearRegression,0.563767516419019,1.0128286795557872e-105
2011-10-01,AdaBoost,0.1507035794187429,3.988302756947125e-08
2011-10-01,CTEF,0.3058973267818352,8.630484276763928e-28
2011-10-01,DecisionTree,0.3048960430057142,3.824884145158954e-79
2011-10-01,KNN,0.1556886275219533,5.5591182883425225e-08
2011-10-01,LinearRegression,0.04891467145143,0.0900918752938825
2011-11-01,AdaBoost,0.3986899396425895,3.596264763966386e-52
2011-11-01,CTEF,0.3439464265917503,2.2370228589855213e-34
2011-11-01,DecisionTree,0.3097564826799391,1.2498793159582404e-79
2011-11-01,KNN,0.2932634107271281,6.419950080203284e-25
2011-11-01,LinearRegression,0.4044292227535601,2.382783673845896e-48
2011-12-01,AdaBoost,0.3684148282598082,1.3122808600127473e-42
2011-12-01,CTEF,0.3371568161472892,1.8200487690002444e-33
2011-12-01,DecisionTree,0.3065159699546467,3.072195824407687e-35
2011-12-01,KNN,0.2797207578856329,5.120998608336755e-23
2011-12-01,LinearRegression,0.4619425273043566,6.735785817527382e-66
2012-01-01,AdaBoost,0.1596076867462498,1.9720732718987343e-08
2012-01-01,CTEF,0.2810492371446054,3.399932663970269e-23
2012-01-01,DecisionTree,0.3029684492484154,2.40906417107224e-77
2012-01-01,KNN,0.1998077192030682,3.365235865280944e-12
2012-01-01,LinearRegression,0.074614723879303,0.0101280297516568
2012-02-01,AdaBoost,0.2518907913555933,1.6890332776771774e-19
2012-02-01,CTEF,0.3395554071344491,6.86954406252704e-34
2012-02-01,DecisionTree,0.3082411099767037,1.801933320436102e-80
2012-02-01,KNN,0.3211316981011172,3.060353626514062e-30
2012-02-01,LinearRegression,0.2346829059178182,2.1021599322101174e-16
2012-03-01,AdaBoost,0.2639457253934309,2.5043241238192502e-22
2012-03-01,CTEF,0.3294823845746442,1.391508344365585e-31
2012-03-01,DecisionTree,0.3048132528582627,4.637731015524294e-78
2012-03-01,KNN,0.330933778170183,7.26982271799345e-32
2012-03-01,LinearRegression,0.2728896742484876,1.048169940585398e-21
2012-04-01,AdaBoost,0.3371743074321828,5.417475042335641e-34
2012-04-01,CTEF,0.3044385215220092,2.298204292437969e-27
2012-04-01,DecisionTree,0.3053899958537683,2.5480250946500624e-79
2012-04-01,KNN,0.3455319164556283,2.184543967293876e-35
2012-04-01,LinearRegression,0.3368023770663165,1.4327162028314805e-33
2012-05-01,AdaBoost,0.5137105348294575,2.1546256044010377e-83
2012-05-01,CTEF,0.2584992658632341,3.8664399329574833e-19
2012-05-01,DecisionTree,0.3168107551323494,1.6870314688572537e-82
2012-05-01,KNN,0.5240934193244936,2.930522872211326e-85
2012-05-01,LinearRegression,0.4479272059402944,2.864519803036801e-59
2012-06-01,AdaBoost,0.3360057834214675,3.865817298441931e-33
2012-06-01,CTEF,0.2993168067183296,7.760333246800204e-26
2012-06-01,DecisionTree,0.3101233510719087,6.518733602370837e-80
2012-06-01,KNN,0.3682556668636714,2.0299052197706776e-39
2012-06-01,LinearRegression,0.3510227245633076,1.1281076384134168e-35
2012-07-01,AdaBoost,0.3804066385285812,1.637406658321975e-44
2012-07-01,CTEF,0.3120848921942035,1.3535720925301583e-28
2012-07-01,DecisionTree,0.3013663993315932,3.7647413336637876e-76
2012-07-01,KNN,0.3232270625947238,1.0958791336583011e-30
2012-07-01,LinearRegression,0.3053731920351036,2.2896716492145286e-27
2012-08-01,AdaBoost,0.1039934667302214,0.0003310534741505
2012-08-01,CTEF,0.3147027946414812,1.4711704456546882e-28
2012-08-01,DecisionTree,0.2991317927057516,1.4315762181799776e-76
2012-08-01,KNN,0.2150240793415303,9.779969311875924e-14
2012-08-01,LinearRegression,0.1777318847217047,9.092994817545131e-10
2012-09-01,AdaBoost,0.3171148393962879,3.073177228037709e-30
2012-09-01,CTEF,0.3064357147250461,2.8539412495652543e-27
2012-09-01,DecisionTree,0.2994050504324965,3.0721925977225118e-77
2012-09-01,KNN,0.33610167423707,7.425190508464207e-33
2012-09-01,LinearRegression,0.2980783760877216,8.475723103709266e-26
2012-10-01,AdaBoost,0.3019559224354971,4.087346074946174e-28
2012-10-01,CTEF,0.3276336061356409,3.5862539109759876e-32
2012-10-01,DecisionTree,0.296755500454269,4.459108493462236e-78
2012-10-01,KNN,0.2736535563854708,1.8646528004814392e-22
2012-10-01,LinearRegression,0.4183333434867103,6.947618714424782e-54
2012-11-01,AdaBoost,0.2977158041294773,3.931774782032768e-33
2012-11-01,CTEF,0.288871268926509,4.4339377007149086e-24
2012-11-01,DecisionTree,0.2986495663394792,7.438275730344875e-76
2012-11-01,KNN,0.2632348231636582,4.351781464224492e-20
2012-11-01,LinearRegression,0.2341338002018624,4.4390133105109295e-16
2012-12-01,AdaBoost,0.3729647490332429,3.148892303180484e-44
2012-12-01,CTEF,0.1927577832801525,1.7772672691701038e-11
2012-12-01,DecisionTree,0.3000776749455578,1.4544728057730298e-77
2012-12-01,KNN,0.33442696363873,5.849931662445028e-33
2012-12-01,LinearRegression,0.193588617950486,1.4583754892429998e-11
2013-01-01,AdaBoost,0.3282158109901541,3.7538307131028376e-32
2013-01-01,CTEF,0.2917220867594501,1.2389618827836383e-24
2013-01-01,DecisionTree,0.3048983495743498,1.587581065988041e-79
2013-01-01,KNN,0.237586525548654,1.393278753066132e-16
2013-01-01,LinearRegression,0.3133309190378219,2.1616360215932528e-28
2013-02-01,AdaBoost,0.3108239258544099,1.2202868053535184e-40
2013-02-01,CTEF,0.3205016482730822,8.460412483758567e-30
2013-02-01,DecisionTree,0.3033909148438424,5.617762246926269e-79
2013-02-01,KNN,0.3152894817393138,7.99939770579326e-29
2013-02-01,LinearRegression,0.353550241089579,2.0565149266937848e-36
2013-03-01,AdaBoost,0.3553723627365581,3.948662850465242e-38
2013-03-01,CTEF,0.3294444851501866,1.4077968093488131e-31
2013-03-01,DecisionTree,0.3030881675871866,1.7145515886723676e-79
2013-03-01,KNN,0.3573502018965371,2.6070506056950933e-37
2013-03-01,LinearRegression,0.3528777039461026,2.395753904551785e-36
2013-04-01,AdaBoost,0.3176925324158081,9.04426417184288e-31
2013-04-01,CTEF,0.2471418170828667,2.272743618869296e-18
2013-04-01,DecisionTree,0.2980911154314416,1.15830294430777e-78
2013-04-01,KNN,0.2906407960739921,3.7189289988907374e-25
2013-04-01,LinearRegression,0.3185763134798023,3.1650895322052935e-30
2013-05-01,AdaBoost,0.330748939218573,9.503683268136065e-34
2013-05-01,CTEF,0.3554604975050647,2.4836215061430223e-37
2013-05-01,DecisionTree,0.2936397542563025,3.226010348949155e-75
2013-05-01,KNN,0.2583338175140948,9.96110576891616e-20
2013-05-01,LinearRegression,0.3010333080888376,1.3042213356198372e-26
2013-06-01,AdaBoost,0.2371397129275492,8.452099979319406e-17
2013-06-01,CTEF,0.3007749792604064,3.950937975900411e-26
2013-06-01,DecisionTree,0.2345314832147133,3.287480022214284e-17
2013-06-01,KNN,0.3116215401776939,4.92685933239313e-28
2013-06-01,LinearRegression,0.329671554917507,2.079692763253828e-31
2013-07-01,AdaBoost,0.3505982654851428,2.9491658046135604e-36
2013-07-01,CTEF,0.3467145327654174,3.1256235704598024e-35
2013-07-01,DecisionTree,0.2939376278009519,6.223126707043603e-75
2013-07-01,KNN,0.3242114741149657,1.0586385447951356e-30
2013-07-01,LinearRegression,0.3549032878624,5.829914544838406e-37
2013-08-01,AdaBoost,0.3981005938191204,3.4167354436456343e-47
2013-08-01,CTEF,0.3027096668897728,3.696940644736629e-26
2013-08-01,DecisionTree,0.3019678738760754,1.3877311949124287e-77
2013-08-01,KNN,0.3596679739444449,4.073328603424725e-37
2013-08-01,LinearRegression,0.2951243048627447,7.258151448977388e-25
2013-09-01,AdaBoost,0.3684950543727957,2.7914683307609234e-40
2013-09-01,CTEF,0.3084235888423112,1.0233335697511396e-27
2013-09-01,DecisionTree,0.29886954308101,2.284643157272546e-79
2013-09-01,KNN,0.354864764748359,7.286641872660144e-37
2013-09-01,LinearRegression,0.2229520414085712,7.829644001532324e-15
2013-10-01,AdaBoost,0.2732147404606725,8.739138380637608e-24
2013-10-01,CTEF,0.320737204637203,7.012380787825637e-31
2013-10-01,DecisionTree,0.2899373445335509,1.7615454631227384e-76
2013-10-01,KNN,0.2898605572976868,3.289868985860799e-25
2013-10-01,LinearRegression,0.3685091137397064,4.087825076437109e-41
2013-11-01,AdaBoost,0.4090932790695586,3.2043283418027834e-55
2013-11-01,CTEF,0.3462361786609763,1.970145216880289e-35
2013-11-01,DecisionTree,0.2923843043912904,2.9544001129655064e-76
2013-11-01,KNN,0.4006842171891256,3.599363856684516e-48
2013-11-01,LinearRegression,0.3359110400140939,2.775353794542931e-33
2013-12-01,AdaBoost,0.3757146819486687,6.405403861694956e-49
2013-12-01,CTEF,0.2925784090062893,5.983179403179061e-25
2013-12-01,DecisionTree,0.2865346394594938,1.225835515966719e-71
2013-12-01,KNN,0.3139948398363224,1.0399719952855154e-28
2013-12-01,LinearRegression,0.2650013580348153,1.4683767843833362e-20
2014-01-01,AdaBoost,0.2169720183146576,9.680773103473936e-15
2014-01-01,CTEF,0.2864307043491178,1.98681621668698e-24
2014-01-01,DecisionTree,0.2869582218611252,2.6340342409486435e-75
2014-01-01,KNN,0.2124113693652303,7.947598159434409e-14
2014-01-01,LinearRegression,0.1354200718924955,2.3250974462640047e-06
2014-02-01,AdaBoost,0.3704558534791337,2.356842659595307e-47
2014-02-01,CTEF,0.2569846645182141,3.497397671943304e-20
2014-02-01,DecisionTree,0.2852101921238679,1.3294285323385827e-76
2014-02-01,KNN,0.3194454765621097,5.335408714404983e-31
2014-02-01,LinearRegression,0.1999717666950041,1.2623537089598405e-12
2014-03-01,AdaBoost,0.1983190507292447,1.5637977838579268e-12
2014-03-01,CTEF,0.4261650243716457,7.17474803339229e-55
2014-03-01,DecisionTree,0.2911693421568169,3.939480945739525e-77
2014-03-01,KNN,0.1828287686259618,1.9581031167059036e-10
2014-03-01,LinearRegression,0.5128839339864317,1.2123147077551601e-83
2014-04-01,AdaBoost,0.2221040676009489,1.988540909633747e-15
2014-04-01,CTEF,0.3081028635616144,1.0124804734398948e-28
2014-04-01,DecisionTree,0.2856674057713543,1.751957686777091e-76
2014-04-01,KNN,0.2348193667165906,6.258516928638525e-17
2014-04-01,LinearRegression,0.4263831122482558,9.258338070020293e-57
2014-05-01,AdaBoost,0.3266918810954563,6.24181486706571e-32
2014-05-01,CTEF,0.2943188528942598,1.1977736886243206e-25
2014-05-01,DecisionTree,0.2869591263818606,2.0990938754456447e-75
2014-05-01,KNN,0.3396692764347493,3.205343992934398e-34
2014-05-01,LinearRegression,0.2461471949646259,3.973301646542057e-18
2014-06-01,AdaBoost,0.333605502181324,6.927763170324164e-36
2014-06-01,CTEF,0.2747283046430383,1.2308225630769562e-22
2014-06-01,DecisionTree,0.2829273456990178,1.5773921044225655e-70
2014-06-01,KNN,0.2312716320869466,2.80340806772467e-16
2014-06-01,LinearRegression,0.2356316870267013,7.355553519622896e-17
2014-07-01,AdaBoost,0.2825923778723501,7.56554131915952e-26
2014-07-01,CTEF,0.2219474456992307,2.2242288605591186e-15
2014-07-01,DecisionTree,0.2930701812231237,1.7190036091199672e-40
2014-07-01,KNN,0.237374187746414,1.9473368053849917e-17
2014-07-01,LinearRegression,0.306815191603345,9.660409114075343e-29
2014-08-01,AdaBoost,0.3020978406714059,4.9563522959704185e-28
2014-08-01,CTEF,0.3401300336825135,6.501662788443133e-35
2014-08-01,DecisionTree,0.2899191761040328,1.3614887291013005e-76
2014-08-01,KNN,0.2534809154275131,1.756554246519056e-19
2014-08-01,LinearRegression,0.2743421034098233,1.0648686808259746e-22
2014-09-01,AdaBoost,0.2181759177996305,5.514551882858548e-15
2014-09-01,CTEF,0.3314862669814156,3.3139759084358526e-33
2014-09-01,DecisionTree,0.2443967605052311,8.694704808140239e-29
2014-09-01,KNN,0.2764590674173993,4.177641277953994e-23
2014-09-01,LinearRegression,0.3320393058786025,2.6013769460260887e-33
2014-10-01,AdaBoost,0.2473001562150812,2.141444067307835e-19
2014-10-01,CTEF,0.3179506880008744,2.8060677383098686e-31
2014-10-01,DecisionTree,0.2833875819073947,3.5241554827234603e-75
2014-10-01,KNN,0.2668395820621877,4.36025906466029e-22
2014-10-01,LinearRegression,0.317036706007524,4.338400952353736e-31
2014-11-01,AdaBoost,0.2914994317483823,3.6446887991073546e-27
2014-11-01,CTEF,0.3498284619222072,6.28773305446185e-37
2014-11-01,DecisionTree,0.2853907999128949,1.917476233603888e-74
2014-11-01,KNN,0.279944817443772,1.4023588371193646e-23
2014-11-01,LinearRegression,0.288587108621241,4.959305907851416e-25
2014-12-01,AdaBoost,0.3294534539357753,8.682432425352095e-40
2014-12-01,CTEF,0.3329853803173435,8.845338541794868e-35
2014-12-01,DecisionTree,0.2731088962698011,7.272649790784273e-69
2014-12-01,KNN,0.3384321546892154,5.927901345581989e-36
2014-12-01,LinearRegression,0.3855214344030812,2.9638597242333903e-47
2015-01-01,AdaBoost,0.3297377451042499,8.437754931395298e-36
2015-01-01,CTEF,0.2612962553888926,4.3299810505644016e-21
2015-01-01,DecisionTree,0.288705359838654,7.068447677325126e-79
2015-01-01,KNN,0.3830649453967575,9.603900365212668e-46
2015-01-01,LinearRegression,0.2521636846713793,1.0886759860990347e-19
2015-02-01,AdaBoost,0.0719815153539683,0.0103242046867105
2015-02-01,CTEF,0.2813492956346524,2.043188545013146e-24
2015-02-01,DecisionTree,0.1320463767061621,8.54465176138021e-08
2015-02-01,KNN,0.1139521938289349,5.2942480075799605e-05
2015-02-01,LinearRegression,0.1263329370821898,7.272053585617768e-06
2015-03-01,AdaBoost,0.2656479612207822,4.304043479995348e-22
2015-03-01,CTEF,0.3594523203523139,2.942872520605922e-39
2015-03-01,DecisionTree,0.2954840509138823,1.8131668348980573e-48
2015-03-01,KNN,0.3122460862529542,2.0012478796399428e-29
2015-03-01,LinearRegression,0.2360621668175216,4.5057830204732135e-17
2015-04-01,AdaBoost,0.1317173563050299,1.6906668238242831e-06
2015-04-01,CTEF,0.1584916106018432,1.6143515203673214e-08
2015-04-01,DecisionTree,0.2847554763288685,5.700515353321568e-78
2015-04-01,KNN,0.1846001748151469,4.1775812211208345e-11
2015-04-01,LinearRegression,0.1012844617230363,0.0003272881612069
2015-05-01,AdaBoost,0.3832524125870301,1.2322291815682516e-45
2015-05-01,CTEF,0.4038597644190548,2.067617315968195e-50
2015-05-01,DecisionTree,0.2818062517180998,9.247838665913762e-75
2015-05-01,KNN,0.3369801360067178,1.9119238665425491e-34
2015-05-01,LinearRegression,0.2281807683518476,4.667414388051076e-16
2015-06-01,AdaBoost,0.319189278895084,8.86524425347367e-34
2015-06-01,CTEF,0.3758086737856802,7.992465777228311e-44
2015-06-01,DecisionTree,0.2849257314288299,1.5916322268061395e-78
2015-06-01,KNN,0.3315255811498562,9.295204488368744e-34
2015-06-01,LinearRegression,0.3214539073915766,1.058439186332606e-31
2015-07-01,AdaBoost,0.3726729746342522,1.4530146292103046e-44
2015-07-01,CTEF,0.3280486689258758,1.8052992974214046e-33
2015-07-01,DecisionTree,0.2781253699479185,1.0934586044953157e-74
2015-07-01,KNN,0.3632930643132592,2.4654558491084363e-41
2015-07-01,LinearRegression,0.3205635595943881,6.32082711802612e-32
2015-08-01,AdaBoost,0.2701286036859605,4.002543476101376e-22
2015-08-01,CTEF,0.2733873964709006,3.775003303700934e-22
2015-08-01,DecisionTree,0.2787224614253768,4.414313347745965e-74
2015-08-01,KNN,0.2636360497944985,1.2243146332259415e-20
2015-08-01,LinearRegression,0.3607360917493006,1.1322070117184679e-38
2015-09-01,AdaBoost,0.4525299600270784,6.916305718512334e-66
2015-09-01,CTEF,0.3961093065246381,2.3811441109089062e-48
2015-09-01,DecisionTree,0.2695561429228104,1.0574515765425252e-70
2015-09-01,KNN,0.3569794276542036,8.544482327914985e-39
2015-09-01,LinearRegression,0.4124274411483188,9.579345975478473e-53
2015-10-01,AdaBoost,0.2036649466848751,1.544705003466193e-13
2015-10-01,CTEF,0.2564875653257308,2.9901684799940336e-20
2015-10-01,DecisionTree,0.2682363222966362,9.887371538407957e-71
2015-10-01,KNN,0.2516845095736725,1.5952908313103476e-19
2015-10-01,LinearRegression,0.1855423546515127,4.110289506202088e-11
2015-11-01,AdaBoost,0.2844267336861871,2.699948145351106e-24
2015-11-01,CTEF,0.2790886442422469,5.503195155351231e-23
2015-11-01,DecisionTree,0.2768072038352444,9.255242662270594e-73
2015-11-01,KNN,0.3095028003787725,3.4123076000284343e-28
2015-11-01,LinearRegression,0.2801478880258661,3.783980233585982e-23
2015-12-01,AdaBoost,0.445945473561386,5.30775938013573e-63
2015-12-01,CTEF,0.3718116531141585,8.511106549071259e-42
2015-12-01,DecisionTree,0.2714308629635379,1.7335703886986285e-70
2015-12-01,KNN,0.3564452103836126,2.95767322856144e-38
2015-12-01,LinearRegression,0.3718777698705298,8.426830421656455e-42
2016-01-01,AdaBoost,0.3841067721155181,1.1100326538095552e-46
2016-01-01,CTEF,0.2862788655785253,6.618641756752699e-25
2016-01-01,DecisionTree,0.2716404088027517,9.343597815945677e-72
2016-01-01,KNN,0.3338028466356274,6.7183280257443526e-34
2016-01-01,LinearRegression,0.5326532537751744,2.8009524989909866e-95
2016-02-01,AdaBoost,0.2448131036575727,1.1438933301697447e-18
2016-02-01,CTEF,0.2487358761557272,5.017072981903878e-19
2016-02-01,DecisionTree,0.2548700147906874,2.609355318061356e-25
2016-02-01,KNN,0.2528257380505839,1.2616410770979573e-19
2016-02-01,LinearRegression,0.3054778942540559,1.967796220060341e-28
2016-03-01,AdaBoost,0.171846221800631,6.988588772614058e-10
2016-03-01,CTEF,0.1859514153160058,6.607871463097247e-11
2016-03-01,DecisionTree,0.276706168020452,9.295216319058476e-74
2016-03-01,KNN,0.1528237567873534,8.957110972865117e-08
2016-03-01,LinearRegression,0.2234863442296832,3.159896963197779e-15
2016-04-01,AdaBoost,0.1115816011491603,3.733494171304582e-05
2016-04-01,CTEF,0.1476863937905339,1.8479965445759806e-07
2016-04-01,DecisionTree,0.2740140892330726,5.903839099382689e-74
2016-04-01,KNN,0.2526261185576568,1.5687117738107196e-19
2016-04-01,LinearRegression,0.1168254174445219,3.901624145991312e-05
2016-05-01,AdaBoost,0.3656436634342807,1.1136788864323214e-39
2016-05-01,CTEF,0.2510314539496808,1.7429459153339523e-18
2016-05-01,DecisionTree,0.2713574810488884,1.5492302439302668e-69
2016-05-01,KNN,0.2754606671048727,4.233766758255085e-22
2016-05-01,LinearRegression,0.1986131799758686,5.611779363418817e-12
2016-06-01,AdaBoost,0.450782093908681,3.174210622515851e-65
2016-06-01,CTEF,0.2076335470142907,2.391646377627226e-13
2016-06-01,DecisionTree,0.4581357468163339,1.3396517519775533e-88
2016-06-01,KNN,0.3127167379571381,2.822144791974726e-29
2016-06-01,LinearRegression,0.4033200211054569,1.0280524648211331e-49
2016-07-01,AdaBoost,0.1321374092876292,9.187467732138976e-07
2016-07-01,CTEF,0.3030579066612692,5.299380937897804e-28
2016-07-01,DecisionTree,0.1373073098845248,3.31397822330547e-08
2016-07-01,KNN,0.1834875984171727,7.363557948988215e-11
2016-07-01,LinearRegression,0.1252267709306184,9.896662263473922e-06
2016-08-01,AdaBoost,0.1639511400530943,4.688731593393066e-10
2016-08-01,CTEF,0.2942003740018609,3.2575668663632563e-25
2016-08-01,DecisionTree,0.1842070291921655,1.49505825846666e-12
2016-08-01,KNN,0.297017610228236,1.0896715077495486e-25
2016-08-01,LinearRegression,0.2416373269976266,3.1395121677277455e-17
2016-09-01,AdaBoost,0.2415404669787155,8.031161051107027e-18
2016-09-01,CTEF,0.279233082774781,9.787699243620822e-23
2016-09-01,DecisionTree,0.2979496014530992,2.505441830004315e-34
2016-09-01,KNN,0.2749237972747642,4.736759628323592e-22
2016-09-01,LinearRegression,0.2660215583683182,1.0954314046287618e-20
2016-10-01,AdaBoost,0.2836713191192154,1.105389469499218e-26
2016-10-01,CTEF,0.3159930975871622,3.608689282451487e-30
2016-10-01,DecisionTree,0.2690194706592725,6.572460340369624e-69
2016-10-01,KNN,0.2928867332865614,6.645168391945217e-26
2016-10-01,LinearRegression,0.3693532693446322,1.2835741349889996e-41
2016-11-01,AdaBoost,0.2373009351455244,9.037441961731065e-18
2016-11-01,CTEF,0.3179513377898321,5.34966696488988e-30
2016-11-01,DecisionTree,0.2753153457219284,2.343332985126837e-71
2016-11-01,KNN,0.2862012280733827,2.6258145198965483e-24
2016-11-01,LinearRegression,0.4085030392010078,1.1865815273958537e-50
2016-12-01,AdaBoost,0.3096342858644424,2.8529636142310775e-29
2016-12-01,CTEF,0.292281797564593,1.2324249768534826e-25
2016-12-01,DecisionTree,0.2754187836894753,1.5640583238658149e-71
2016-12-01,KNN,0.3312467272807751,5.784591141753658e-33
2016-12-01,LinearRegression,0.3250044359098092,1.0410294096152843e-31
2017-01-01,AdaBoost,0.230851760432921,4.794591290059388e-16
2017-01-01,CTEF,0.2404306631144024,1.3470049283359528e-16
2017-01-01,DecisionTree,0.2803073909310033,4.2745274448318e-70
2017-01-01,KNN,0.2474975559505253,1.6023529233517712e-17
2017-01-01,LinearRegression,0.187783148262245,1.435649995443497e-10
2017-02-01,AdaBoost,0.3127241210585575,1.2491786035938106e-29
2017-02-01,CTEF,0.3032686830747906,4.3648030396190615e-27
2017-02-01,DecisionTree,0.2786960344325616,2.812653732160762e-71
2017-02-01,KNN,0.2807749848979463,3.006456112610464e-23
2017-02-01,LinearRegression,0.2658951289839538,6.563434302720109e-21
2017-03-01,AdaBoost,0.2214887994342468,1.0423256954309451e-14
2017-03-01,CTEF,0.2459144771997624,1.971440142059308e-17
2017-03-01,DecisionTree,0.1998259004496059,1.543143214237693e-18
2017-03-01,KNN,0.3072909427018315,7.359696571771198e-27
2017-03-01,LinearRegression,0.2026715749664049,3.462660880317536e-12
2017-04-01,AdaBoost,0.2924808611503036,7.247806446107654e-26
2017-04-01,CTEF,0.2459273484414894,5.855429193369353e-18
2017-04-01,DecisionTree,0.2837604199923052,5.0127392181107896e-73
2017-04-01,KNN,0.340247004726935,4.579992685749161e-34
2017-04-01,LinearRegression,0.2372947639723276,8.91888636164402e-17
2017-05-01,AdaBoost,0.3573048139628115,9.158717480752346e-43
2017-05-01,CTEF,0.2815787025736173,2.293746519333105e-22
2017-05-01,DecisionTree,0.3303170293955982,1.0030665190169948e-69
2017-05-01,KNN,0.3676373527989389,2.861090395746633e-38
2017-05-01,LinearRegression,0.2658136503515101,5.38074092906499e-20
2017-06-01,AdaBoost,0.26029544674173,3.1924452236054817e-25
2017-06-01,CTEF,0.3663471388662743,1.831862331723417e-39
2017-06-01,DecisionTree,0.2841790106451088,2.4495664624796277e-70
2017-06-01,KNN,0.222727014905232,8.189310363239783e-15
2017-06-01,LinearRegression,0.3255914070256973,6.181046908990628e-31
2017-07-01,AdaBoost,0.2999712456456159,3.1102813222613458e-27
2017-07-01,CTEF,0.2788252568286174,9.017709699895616e-23
2017-07-01,DecisionTree,0.2794525031245037,1.5364370908054652e-71
2017-07-01,KNN,0.2924868883593941,5.1979572317423905e-25
2017-07-01,LinearRegression,0.2477632860936461,3.961418114883567e-18
2017-08-01,AdaBoost,0.2708702644366599,7.807572747852351e-22
2017-08-01,CTEF,0.3332143263321892,3.938244208943228e-32
2017-08-01,DecisionTree,0.2522496110797735,9.575000351430039e-47
2017-08-01,KNN,0.3423751178816549,5.886501769237438e-34
2017-08-01,LinearRegression,0.2535951063497367,9.624051221431905e-19
2017-09-01,AdaBoost,0.2459036657836825,1.822831782610282e-26
2017-09-01,CTEF,0.2988816840201131,7.287020812685192e-26
2017-09-01,DecisionTree,0.2413129146321443,8.237085283640289e-38
2017-09-01,KNN,0.2192840050661836,2.7412351289825464e-14
2017-09-01,LinearRegression,0.2684316655302602,6.08560982674481e-21
2017-10-01,AdaBoost,0.3596458712245142,1.1553939128178603e-40
2017-10-01,CTEF,0.3660257043887735,7.082389379675388e-38
2017-10-01,DecisionTree,0.2775510130809843,1.8759839361153223e-69
2017-10-01,KNN,0.3680694662096708,2.663125963167439e-38
2017-10-01,LinearRegression,0.3305918774248558,1.0465414584641898e-30
2017-11-01,AdaBoost,0.2920461628215145,4.2233935342379496e-30
2017-11-01,CTEF,0.3223070824698315,4.3167501719027385e-29
2017-11-01,DecisionTree,0.2820637233137359,1.6930664345145488e-71
2017-11-01,KNN,0.2781913487468129,9.955471485963144e-22
2017-11-01,LinearRegression,0.3725182742901954,3.7520484334363786e-39
2017-12-01,AdaBoost,0.1870315825019346,7.265279671425509e-11
2017-12-01,CTEF,0.339718144155566,1.556282107362171e-33
2017-12-01,DecisionTree,0.2708811214901614,1.174909693289596e-67
2017-12-01,KNN,0.2082981579392825,5.151464440165767e-13
2017-12-01,LinearRegression,0.2048523907320915,1.2617019371883854e-12
2018-01-01,AdaBoost,0.4697991711739035,2.1287962994977597e-65
2018-01-01,CTEF,0.3263286207411022,8.906161218976819e-30
2018-01-01,DecisionTree,0.2743687825054928,8.08821093592647e-68
2018-01-01,KNN,0.3291329593803022,2.765654366196192e-30
2018-01-01,LinearRegression,0.2156784978776809,2.049746918977787e-13
2018-02-01,AdaBoost,0.3540400147498951,5.5545867715217705e-36
2018-02-01,CTEF,0.3000472345806255,2.571127530551302e-25
2018-02-01,DecisionTree,0.2722322335154367,4.058002124341296e-67
2018-02-01,KNN,0.3420629508373159,5.9806762108449885e-33
2018-02-01,LinearRegression,0.2762760664628301,1.6089204538044354e-21
2018-03-01,AdaBoost,0.1837549499807002,2.0566052940782556e-10
2018-03-01,CTEF,0.1449198736294301,6.472406422593808e-07
2018-03-01,DecisionTree,0.2724764701761813,2.940893814976398e-69
2018-03-01,KNN,0.210245995482283,3.553404736819004e-13
2018-03-01,LinearRegression,0.1814077583266262,4.0650769306839466e-10
2018-04-01,AdaBoost,0.1730517234541948,2.3036994559502e-09
2018-04-01,CTEF,0.2255341813793109,5.964193559113145e-15
2018-04-01,DecisionTree,0.2790112179423281,7.321952750322405e-73
2018-04-01,KNN,0.2730080483228335,1.7537217686422926e-21
2018-04-01,LinearRegression,0.2510147748681517,2.8154251260970597e-18
2018-05-01,AdaBoost,0.3341659570320919,3.958560546802348e-32
2018-05-01,CTEF,0.2302549477417878,3.6421795010310306e-15
2018-05-01,DecisionTree,0.3377915517224599,2.2363637143437347e-56
2018-05-01,KNN,0.3120497789649197,2.99190018531175e-27
2018-05-01,LinearRegression,0.1835938675553009,4.5653255199745146e-10
2018-06-01,AdaBoost,0.247555539803507,1.498943630183041e-17
2018-06-01,CTEF,0.1296929547269004,1.1967106888633306e-05
2018-06-01,DecisionTree,0.2788378419787298,3.638534656577344e-70
2018-06-01,KNN,0.2797734577874928,6.123339844192844e-22
2018-06-01,LinearRegression,0.2307690872789105,3.3362291772559303e-15
2018-07-01,AdaBoost,0.2114573113992941,5.2666357098714044e-14
2018-07-01,CTEF,0.2932256612867273,4.012959258135559e-25
2018-07-01,DecisionTree,0.2409114958770978,1.944306359759288e-32
2018-07-01,KNN,0.2100196704588303,2.643060492520074e-13
2018-07-01,LinearRegression,0.3079535334782477,1.0850541657682536e-27
2018-08-01,AdaBoost,0.3792748127237189,2.6043126169873075e-44
2018-08-01,CTEF,0.250978582529764,5.101266772805027e-18
2018-08-01,DecisionTree,0.299590604328416,1.5818241670149452e-45
2018-08-01,KNN,0.3594977910209324,9.41738550809535e-37
2018-08-01,LinearRegression,0.1874831828999766,1.503786699330258e-10
2018-09-01,AdaBoost,0.3311546325979523,3.2210270023085264e-31
2018-09-01,CTEF,0.2911108073979123,8.950770936712215e-24
2018-09-01,DecisionTree,0.2856825051908189,9.144525876339103e-29
2018-09-01,KNN,0.285344074209014,7.513173786248846e-23
2018-09-01,LinearRegression,0.2764199444941723,1.7739423074550807e-21
2018-10-01,AdaBoost,0.1154854329928383,6.810316840474304e-05
2018-10-01,CTEF,0.2153674828190199,7.169645887596306e-14
2018-10-01,DecisionTree,0.2715103728661036,1.6951197688010676e-68
2018-10-01,KNN,0.1426596103680453,8.865739815939306e-07
2018-10-01,LinearRegression,0.4716345365822303,3.184031447212585e-68
2018-11-01,AdaBoost,0.3205022657127864,3.076209859655689e-29
2018-11-01,CTEF,0.2641745219185304,1.1846591087329885e-19
2018-11-01,DecisionTree,0.281801137811614,1.8629368581683936e-71
2018-11-01,KNN,0.3016730829265411,1.883008725063776e-25
2018-11-01,LinearRegression,0.3754390478836706,9.437561167694988e-40
